"","REF_AREA","Reference_area","TIME_PERIOD","OBS_VALUE_SOCIAL","Measure_social","MEASURE_SOCIAL"
"1","ARG","Argentina",2023,90.3251426978,"Social support","7_1"
"2","ARG","Argentina",2022,88.4507335783,"Social support","7_1"
"3","ARG","Argentina",2021,88.4507335783,"Social support","7_1"
"4","ARG","Argentina",2020,88.4507335783,"Social support","7_1"
"5","ARG","Argentina",2019,89.8206332448,"Social support","7_1"
"6","ARG","Argentina",2018,89.8206332448,"Social support","7_1"
"7","ARG","Argentina",2017,89.8206332448,"Social support","7_1"
"8","ARG","Argentina",2016,90.2197378819,"Social support","7_1"
"9","ARG","Argentina",2015,90.2197378819,"Social support","7_1"
"10","ARG","Argentina",2014,90.2197378819,"Social support","7_1"
"11","ARG","Argentina",2013,89.2144180621,"Social support","7_1"
"12","ARG","Argentina",2012,89.2144180621,"Social support","7_1"
"13","ARG","Argentina",2011,89.2144180621,"Social support","7_1"
"14","ARG","Argentina",2010,90.156299608,"Social support","7_1"
"15","ARG","Argentina",2023,9.2238538407,"Lack of social support","7_1_DEP"
"16","ARG","Argentina",2022,10.8332761189,"Lack of social support","7_1_DEP"
"17","ARG","Argentina",2021,10.8332761189,"Lack of social support","7_1_DEP"
"18","ARG","Argentina",2020,10.8332761189,"Lack of social support","7_1_DEP"
"19","ARG","Argentina",2016,9.0184446699,"Lack of social support","7_1_DEP"
"20","ARG","Argentina",2015,9.0184446699,"Lack of social support","7_1_DEP"
"21","ARG","Argentina",2014,9.0184446699,"Lack of social support","7_1_DEP"
"22","ARG","Argentina",2010,8.6223957723,"Lack of social support","7_1_DEP"
"23","ARG","Argentina",2019,9.870592493,"Lack of social support","7_1_DEP"
"24","ARG","Argentina",2018,9.870592493,"Lack of social support","7_1_DEP"
"25","ARG","Argentina",2017,9.870592493,"Lack of social support","7_1_DEP"
"26","ARG","Argentina",2013,9.887693696,"Lack of social support","7_1_DEP"
"27","ARG","Argentina",2012,9.887693696,"Lack of social support","7_1_DEP"
"28","ARG","Argentina",2011,9.887693696,"Lack of social support","7_1_DEP"
"29","AUS","Australia",2023,89.3636183725,"Social support","7_1"
"30","AUS","Australia",2022,92.9694706655,"Social support","7_1"
"31","AUS","Australia",2021,92.9694706655,"Social support","7_1"
"32","AUS","Australia",2020,92.9694706655,"Social support","7_1"
"33","AUS","Australia",2019,94.095000821,"Social support","7_1"
"34","AUS","Australia",2018,94.095000821,"Social support","7_1"
"35","AUS","Australia",2017,94.095000821,"Social support","7_1"
"36","AUS","Australia",2016,93.5628795368,"Social support","7_1"
"37","AUS","Australia",2015,93.5628795368,"Social support","7_1"
"38","AUS","Australia",2014,93.5628795368,"Social support","7_1"
"39","AUS","Australia",2013,94.4150057251,"Social support","7_1"
"40","AUS","Australia",2012,94.4150057251,"Social support","7_1"
"41","AUS","Australia",2011,94.4150057251,"Social support","7_1"
"42","AUS","Australia",2010,94.7713258923,"Social support","7_1"
"43","AUS","Australia",2023,10.3368659028,"Lack of social support","7_1_DEP"
"44","AUS","Australia",2022,6.7136780167,"Lack of social support","7_1_DEP"
"45","AUS","Australia",2021,6.7136780167,"Lack of social support","7_1_DEP"
"46","AUS","Australia",2020,6.7136780167,"Lack of social support","7_1_DEP"
"47","AUS","Australia",2016,6.0415962411,"Lack of social support","7_1_DEP"
"48","AUS","Australia",2015,6.0415962411,"Lack of social support","7_1_DEP"
"49","AUS","Australia",2014,6.0415962411,"Lack of social support","7_1_DEP"
"50","AUS","Australia",2013,5.3241850172,"Lack of social support","7_1_DEP"
"51","AUS","Australia",2012,5.3241850172,"Lack of social support","7_1_DEP"
"52","AUS","Australia",2011,5.3241850172,"Lack of social support","7_1_DEP"
"53","AUS","Australia",2010,4.9265433236,"Lack of social support","7_1_DEP"
"54","AUS","Australia",2019,5.550077771,"Lack of social support","7_1_DEP"
"55","AUS","Australia",2018,5.550077771,"Lack of social support","7_1_DEP"
"56","AUS","Australia",2017,5.550077771,"Lack of social support","7_1_DEP"
"57","AUT","Austria",2019,7.2085140485,"Lack of social support","7_1_DEP"
"58","AUT","Austria",2018,7.2085140485,"Lack of social support","7_1_DEP"
"59","AUT","Austria",2017,7.2085140485,"Lack of social support","7_1_DEP"
"60","AUT","Austria",2016,8.1955118283,"Lack of social support","7_1_DEP"
"61","AUT","Austria",2015,8.1955118283,"Lack of social support","7_1_DEP"
"62","AUT","Austria",2014,8.1955118283,"Lack of social support","7_1_DEP"
"63","AUT","Austria",2013,5.3236208192,"Lack of social support","7_1_DEP"
"64","AUT","Austria",2012,5.3236208192,"Lack of social support","7_1_DEP"
"65","AUT","Austria",2011,5.3236208192,"Lack of social support","7_1_DEP"
"66","AUT","Austria",2010,7.8462921317,"Lack of social support","7_1_DEP"
"67","AUT","Austria",2023,89.6883561137,"Social support","7_1"
"68","AUT","Austria",2022,88.6930648755,"Social support","7_1"
"69","AUT","Austria",2021,88.6930648755,"Social support","7_1"
"70","AUT","Austria",2020,88.6930648755,"Social support","7_1"
"71","AUT","Austria",2019,92.1018243735,"Social support","7_1"
"72","AUT","Austria",2018,92.1018243735,"Social support","7_1"
"73","AUT","Austria",2017,92.1018243735,"Social support","7_1"
"74","AUT","Austria",2016,91.5153156883,"Social support","7_1"
"75","AUT","Austria",2015,91.5153156883,"Social support","7_1"
"76","AUT","Austria",2014,91.5153156883,"Social support","7_1"
"77","AUT","Austria",2013,93.9589030272,"Social support","7_1"
"78","AUT","Austria",2012,93.9589030272,"Social support","7_1"
"79","AUT","Austria",2011,93.9589030272,"Social support","7_1"
"80","AUT","Austria",2010,91.452772301,"Social support","7_1"
"81","AUT","Austria",2023,10.3116438863,"Lack of social support","7_1_DEP"
"82","AUT","Austria",2022,11.1836868039,"Lack of social support","7_1_DEP"
"83","AUT","Austria",2021,11.1836868039,"Lack of social support","7_1_DEP"
"84","AUT","Austria",2020,11.1836868039,"Lack of social support","7_1_DEP"
"85","BEL","Belgium",2019,8.764922919,"Lack of social support","7_1_DEP"
"86","BEL","Belgium",2018,8.764922919,"Lack of social support","7_1_DEP"
"87","BEL","Belgium",2017,8.764922919,"Lack of social support","7_1_DEP"
"88","BEL","Belgium",2013,7.539228011,"Lack of social support","7_1_DEP"
"89","BEL","Belgium",2012,7.539228011,"Lack of social support","7_1_DEP"
"90","BEL","Belgium",2011,7.539228011,"Lack of social support","7_1_DEP"
"91","BEL","Belgium",2023,90.2144180111,"Social support","7_1"
"92","BEL","Belgium",2022,90.8298792149,"Social support","7_1"
"93","BEL","Belgium",2021,90.8298792149,"Social support","7_1"
"94","BEL","Belgium",2020,90.8298792149,"Social support","7_1"
"95","BEL","Belgium",2019,90.6998144251,"Social support","7_1"
"96","BEL","Belgium",2018,90.6998144251,"Social support","7_1"
"97","BEL","Belgium",2017,90.6998144251,"Social support","7_1"
"98","BEL","Belgium",2016,91.7445894772,"Social support","7_1"
"99","BEL","Belgium",2015,91.7445894772,"Social support","7_1"
"100","BEL","Belgium",2014,91.7445894772,"Social support","7_1"
"101","BEL","Belgium",2013,92.2251127146,"Social support","7_1"
"102","BEL","Belgium",2012,92.2251127146,"Social support","7_1"
"103","BEL","Belgium",2011,92.2251127146,"Social support","7_1"
"104","BEL","Belgium",2010,92.2556829548,"Social support","7_1"
"105","BEL","Belgium",2023,9.5595297424,"Lack of social support","7_1_DEP"
"106","BEL","Belgium",2022,8.5784272563,"Lack of social support","7_1_DEP"
"107","BEL","Belgium",2021,8.5784272563,"Lack of social support","7_1_DEP"
"108","BEL","Belgium",2020,8.5784272563,"Lack of social support","7_1_DEP"
"109","BEL","Belgium",2016,8.0603379761,"Lack of social support","7_1_DEP"
"110","BEL","Belgium",2015,8.0603379761,"Lack of social support","7_1_DEP"
"111","BEL","Belgium",2014,8.0603379761,"Lack of social support","7_1_DEP"
"112","BEL","Belgium",2010,7.2894478448,"Lack of social support","7_1_DEP"
"113","BRA","Brazil",2023,85.9872792907,"Social support","7_1"
"114","BRA","Brazil",2022,83.2240948759,"Social support","7_1"
"115","BRA","Brazil",2021,83.2240948759,"Social support","7_1"
"116","BRA","Brazil",2020,83.2240948759,"Social support","7_1"
"117","BRA","Brazil",2019,88.8960063047,"Social support","7_1"
"118","BRA","Brazil",2018,88.8960063047,"Social support","7_1"
"119","BRA","Brazil",2017,88.8960063047,"Social support","7_1"
"120","BRA","Brazil",2016,90.1466072694,"Social support","7_1"
"121","BRA","Brazil",2015,90.1466072694,"Social support","7_1"
"122","BRA","Brazil",2014,90.1466072694,"Social support","7_1"
"123","BRA","Brazil",2013,90.2138927847,"Social support","7_1"
"124","BRA","Brazil",2012,90.2138927847,"Social support","7_1"
"125","BRA","Brazil",2011,90.2138927847,"Social support","7_1"
"126","BRA","Brazil",2010,89.1901925088,"Social support","7_1"
"127","BRA","Brazil",2023,13.6134404143,"Lack of social support","7_1_DEP"
"128","BRA","Brazil",2022,16.2013095776,"Lack of social support","7_1_DEP"
"129","BRA","Brazil",2021,16.2013095776,"Lack of social support","7_1_DEP"
"130","BRA","Brazil",2020,16.2013095776,"Lack of social support","7_1_DEP"
"131","BRA","Brazil",2019,10.4121931467,"Lack of social support","7_1_DEP"
"132","BRA","Brazil",2018,10.4121931467,"Lack of social support","7_1_DEP"
"133","BRA","Brazil",2017,10.4121931467,"Lack of social support","7_1_DEP"
"134","BRA","Brazil",2013,8.9030057794,"Lack of social support","7_1_DEP"
"135","BRA","Brazil",2012,8.9030057794,"Lack of social support","7_1_DEP"
"136","BRA","Brazil",2011,8.9030057794,"Lack of social support","7_1_DEP"
"137","BRA","Brazil",2010,10.040364257,"Lack of social support","7_1_DEP"
"138","BRA","Brazil",2016,9.373187654,"Lack of social support","7_1_DEP"
"139","BRA","Brazil",2015,9.373187654,"Lack of social support","7_1_DEP"
"140","BRA","Brazil",2014,9.373187654,"Lack of social support","7_1_DEP"
"141","BGR","Bulgaria",2011,15.5849129371,"Lack of social support","7_1_DEP"
"142","BGR","Bulgaria",2010,15.1642594275,"Lack of social support","7_1_DEP"
"143","BGR","Bulgaria",2023,92.9535528324,"Social support","7_1"
"144","BGR","Bulgaria",2022,91.0492372263,"Social support","7_1"
"145","BGR","Bulgaria",2021,91.0492372263,"Social support","7_1"
"146","BGR","Bulgaria",2020,91.0492372263,"Social support","7_1"
"147","BGR","Bulgaria",2019,93.1428503554,"Social support","7_1"
"148","BGR","Bulgaria",2018,93.1428503554,"Social support","7_1"
"149","BGR","Bulgaria",2017,93.1428503554,"Social support","7_1"
"150","BGR","Bulgaria",2016,89.9007832032,"Social support","7_1"
"151","BGR","Bulgaria",2015,89.9007832032,"Social support","7_1"
"152","BGR","Bulgaria",2014,89.9007832032,"Social support","7_1"
"153","BGR","Bulgaria",2013,83.2793867313,"Social support","7_1"
"154","BGR","Bulgaria",2012,83.2793867313,"Social support","7_1"
"155","BGR","Bulgaria",2011,83.2793867313,"Social support","7_1"
"156","BGR","Bulgaria",2010,81.5910135204,"Social support","7_1"
"157","BGR","Bulgaria",2023,6.5232594261,"Lack of social support","7_1_DEP"
"158","BGR","Bulgaria",2022,8.2008952037,"Lack of social support","7_1_DEP"
"159","BGR","Bulgaria",2021,8.2008952037,"Lack of social support","7_1_DEP"
"160","BGR","Bulgaria",2020,8.2008952037,"Lack of social support","7_1_DEP"
"161","BGR","Bulgaria",2019,6.1626653604,"Lack of social support","7_1_DEP"
"162","BGR","Bulgaria",2018,6.1626653604,"Lack of social support","7_1_DEP"
"163","BGR","Bulgaria",2017,6.1626653604,"Lack of social support","7_1_DEP"
"164","BGR","Bulgaria",2016,9.2650005076,"Lack of social support","7_1_DEP"
"165","BGR","Bulgaria",2015,9.2650005076,"Lack of social support","7_1_DEP"
"166","BGR","Bulgaria",2014,9.2650005076,"Lack of social support","7_1_DEP"
"167","BGR","Bulgaria",2013,15.5849129371,"Lack of social support","7_1_DEP"
"168","BGR","Bulgaria",2012,15.5849129371,"Lack of social support","7_1_DEP"
"169","CAN","Canada",2023,90.0227637785,"Social support","7_1"
"170","CAN","Canada",2022,92.7134402267,"Social support","7_1"
"171","CAN","Canada",2021,92.7134402267,"Social support","7_1"
"172","CAN","Canada",2020,92.7134402267,"Social support","7_1"
"173","CAN","Canada",2019,92.3938938717,"Social support","7_1"
"174","CAN","Canada",2018,92.3938938717,"Social support","7_1"
"175","CAN","Canada",2017,92.3938938717,"Social support","7_1"
"176","CAN","Canada",2016,92.570264414,"Social support","7_1"
"177","CAN","Canada",2015,92.570264414,"Social support","7_1"
"178","CAN","Canada",2014,92.570264414,"Social support","7_1"
"179","CAN","Canada",2013,93.4180978701,"Social support","7_1"
"180","CAN","Canada",2012,93.4180978701,"Social support","7_1"
"181","CAN","Canada",2011,93.4180978701,"Social support","7_1"
"182","CAN","Canada",2010,94.2493471019,"Social support","7_1"
"183","CAN","Canada",2023,9.6693658245,"Lack of social support","7_1_DEP"
"184","CAN","Canada",2019,7.2483153403,"Lack of social support","7_1_DEP"
"185","CAN","Canada",2018,7.2483153403,"Lack of social support","7_1_DEP"
"186","CAN","Canada",2017,7.2483153403,"Lack of social support","7_1_DEP"
"187","CAN","Canada",2016,7.2782276515,"Lack of social support","7_1_DEP"
"188","CAN","Canada",2015,7.2782276515,"Lack of social support","7_1_DEP"
"189","CAN","Canada",2014,7.2782276515,"Lack of social support","7_1_DEP"
"190","CAN","Canada",2013,6.4590620869,"Lack of social support","7_1_DEP"
"191","CAN","Canada",2012,6.4590620869,"Lack of social support","7_1_DEP"
"192","CAN","Canada",2011,6.4590620869,"Lack of social support","7_1_DEP"
"193","CAN","Canada",2010,5.4735667501,"Lack of social support","7_1_DEP"
"194","CAN","Canada",2022,7.128981347,"Lack of social support","7_1_DEP"
"195","CAN","Canada",2021,7.128981347,"Lack of social support","7_1_DEP"
"196","CAN","Canada",2020,7.128981347,"Lack of social support","7_1_DEP"
"197","CHL","Chile",2023,88.1859348408,"Social support","7_1"
"198","CHL","Chile",2022,88.3515295569,"Social support","7_1"
"199","CHL","Chile",2021,88.3515295569,"Social support","7_1"
"200","CHL","Chile",2020,88.3515295569,"Social support","7_1"
"201","CHL","Chile",2019,87.6780513845,"Social support","7_1"
"202","CHL","Chile",2018,87.6780513845,"Social support","7_1"
"203","CHL","Chile",2017,87.6780513845,"Social support","7_1"
"204","CHL","Chile",2016,83.9004395447,"Social support","7_1"
"205","CHL","Chile",2015,83.9004395447,"Social support","7_1"
"206","CHL","Chile",2014,83.9004395447,"Social support","7_1"
"207","CHL","Chile",2013,84.2315560557,"Social support","7_1"
"208","CHL","Chile",2012,84.2315560557,"Social support","7_1"
"209","CHL","Chile",2011,84.2315560557,"Social support","7_1"
"210","CHL","Chile",2010,82.5281598069,"Social support","7_1"
"211","CHL","Chile",2023,11.4686958339,"Lack of social support","7_1_DEP"
"212","CHL","Chile",2022,11.0452196128,"Lack of social support","7_1_DEP"
"213","CHL","Chile",2021,11.0452196128,"Lack of social support","7_1_DEP"
"214","CHL","Chile",2020,11.0452196128,"Lack of social support","7_1_DEP"
"215","CHL","Chile",2019,11.9910661701,"Lack of social support","7_1_DEP"
"216","CHL","Chile",2018,11.9910661701,"Lack of social support","7_1_DEP"
"217","CHL","Chile",2017,11.9910661701,"Lack of social support","7_1_DEP"
"218","CHL","Chile",2016,15.5881310897,"Lack of social support","7_1_DEP"
"219","CHL","Chile",2015,15.5881310897,"Lack of social support","7_1_DEP"
"220","CHL","Chile",2014,15.5881310897,"Lack of social support","7_1_DEP"
"221","CHL","Chile",2013,15.3878676276,"Lack of social support","7_1_DEP"
"222","CHL","Chile",2012,15.3878676276,"Lack of social support","7_1_DEP"
"223","CHL","Chile",2011,15.3878676276,"Lack of social support","7_1_DEP"
"224","CHL","Chile",2010,16.8087974581,"Lack of social support","7_1_DEP"
"225","COL","Colombia",2023,84.8937983022,"Social support","7_1"
"226","COL","Colombia",2022,81.9314673478,"Social support","7_1"
"227","COL","Colombia",2021,81.9314673478,"Social support","7_1"
"228","COL","Colombia",2020,81.9314673478,"Social support","7_1"
"229","COL","Colombia",2019,87.8805038965,"Social support","7_1"
"230","COL","Colombia",2018,87.8805038965,"Social support","7_1"
"231","COL","Colombia",2017,87.8805038965,"Social support","7_1"
"232","COL","Colombia",2016,88.9432781267,"Social support","7_1"
"233","COL","Colombia",2015,88.9432781267,"Social support","7_1"
"234","COL","Colombia",2014,88.9432781267,"Social support","7_1"
"235","COL","Colombia",2013,90.3359269451,"Social support","7_1"
"236","COL","Colombia",2012,90.3359269451,"Social support","7_1"
"237","COL","Colombia",2011,90.3359269451,"Social support","7_1"
"238","COL","Colombia",2010,88.2866642097,"Social support","7_1"
"239","COL","Colombia",2023,14.5285183624,"Lack of social support","7_1_DEP"
"240","COL","Colombia",2022,17.7147964997,"Lack of social support","7_1_DEP"
"241","COL","Colombia",2021,17.7147964997,"Lack of social support","7_1_DEP"
"242","COL","Colombia",2020,17.7147964997,"Lack of social support","7_1_DEP"
"243","COL","Colombia",2019,11.501346432,"Lack of social support","7_1_DEP"
"244","COL","Colombia",2018,11.501346432,"Lack of social support","7_1_DEP"
"245","COL","Colombia",2017,11.501346432,"Lack of social support","7_1_DEP"
"246","COL","Colombia",2016,10.6506962139,"Lack of social support","7_1_DEP"
"247","COL","Colombia",2015,10.6506962139,"Lack of social support","7_1_DEP"
"248","COL","Colombia",2014,10.6506962139,"Lack of social support","7_1_DEP"
"249","COL","Colombia",2013,9.3248418582,"Lack of social support","7_1_DEP"
"250","COL","Colombia",2012,9.3248418582,"Lack of social support","7_1_DEP"
"251","COL","Colombia",2011,9.3248418582,"Lack of social support","7_1_DEP"
"252","COL","Colombia",2010,11.3242080664,"Lack of social support","7_1_DEP"
"253","CRI","Costa Rica",2023,88.3007786291,"Social support","7_1"
"254","CRI","Costa Rica",2022,86.4210321799,"Social support","7_1"
"255","CRI","Costa Rica",2021,86.4210321799,"Social support","7_1"
"256","CRI","Costa Rica",2020,86.4210321799,"Social support","7_1"
"257","CRI","Costa Rica",2019,89.5883836454,"Social support","7_1"
"258","CRI","Costa Rica",2018,89.5883836454,"Social support","7_1"
"259","CRI","Costa Rica",2017,89.5883836454,"Social support","7_1"
"260","CRI","Costa Rica",2016,89.2816733214,"Social support","7_1"
"261","CRI","Costa Rica",2015,89.2816733214,"Social support","7_1"
"262","CRI","Costa Rica",2014,89.2816733214,"Social support","7_1"
"263","CRI","Costa Rica",2013,89.0284994459,"Social support","7_1"
"264","CRI","Costa Rica",2012,89.0284994459,"Social support","7_1"
"265","CRI","Costa Rica",2011,89.0284994459,"Social support","7_1"
"266","CRI","Costa Rica",2010,90.6365252919,"Social support","7_1"
"267","CRI","Costa Rica",2023,11.0635550482,"Lack of social support","7_1_DEP"
"268","CRI","Costa Rica",2022,12.8318508162,"Lack of social support","7_1_DEP"
"269","CRI","Costa Rica",2021,12.8318508162,"Lack of social support","7_1_DEP"
"270","CRI","Costa Rica",2020,12.8318508162,"Lack of social support","7_1_DEP"
"271","CRI","Costa Rica",2019,9.8184656482,"Lack of social support","7_1_DEP"
"272","CRI","Costa Rica",2018,9.8184656482,"Lack of social support","7_1_DEP"
"273","CRI","Costa Rica",2017,9.8184656482,"Lack of social support","7_1_DEP"
"274","CRI","Costa Rica",2016,10.1665100463,"Lack of social support","7_1_DEP"
"275","CRI","Costa Rica",2015,10.1665100463,"Lack of social support","7_1_DEP"
"276","CRI","Costa Rica",2014,10.1665100463,"Lack of social support","7_1_DEP"
"277","CRI","Costa Rica",2013,10.0276672498,"Lack of social support","7_1_DEP"
"278","CRI","Costa Rica",2012,10.0276672498,"Lack of social support","7_1_DEP"
"279","CRI","Costa Rica",2011,10.0276672498,"Lack of social support","7_1_DEP"
"280","CRI","Costa Rica",2010,8.9402318116,"Lack of social support","7_1_DEP"
"281","HRV","Croatia",2018,12.4390786873,"Lack of social support","7_1_DEP"
"282","HRV","Croatia",2017,12.4390786873,"Lack of social support","7_1_DEP"
"283","HRV","Croatia",2016,25.0971691636,"Lack of social support","7_1_DEP"
"284","HRV","Croatia",2015,25.0971691636,"Lack of social support","7_1_DEP"
"285","HRV","Croatia",2014,25.0971691636,"Lack of social support","7_1_DEP"
"286","HRV","Croatia",2013,21.6132254048,"Lack of social support","7_1_DEP"
"287","HRV","Croatia",2012,21.6132254048,"Lack of social support","7_1_DEP"
"288","HRV","Croatia",2011,21.6132254048,"Lack of social support","7_1_DEP"
"289","HRV","Croatia",2010,16.6373888482,"Lack of social support","7_1_DEP"
"290","HRV","Croatia",2023,7.382303599,"Lack of social support","7_1_DEP"
"291","HRV","Croatia",2023,89.8684810641,"Social support","7_1"
"292","HRV","Croatia",2022,89.8083636042,"Social support","7_1"
"293","HRV","Croatia",2021,89.8083636042,"Social support","7_1"
"294","HRV","Croatia",2020,89.8083636042,"Social support","7_1"
"295","HRV","Croatia",2019,85.3174122583,"Social support","7_1"
"296","HRV","Croatia",2018,85.3174122583,"Social support","7_1"
"297","HRV","Croatia",2017,85.3174122583,"Social support","7_1"
"298","HRV","Croatia",2016,70.2330754015,"Social support","7_1"
"299","HRV","Croatia",2015,70.2330754015,"Social support","7_1"
"300","HRV","Croatia",2014,70.2330754015,"Social support","7_1"
"301","HRV","Croatia",2013,73.3022240196,"Social support","7_1"
"302","HRV","Croatia",2012,73.3022240196,"Social support","7_1"
"303","HRV","Croatia",2011,73.3022240196,"Social support","7_1"
"304","HRV","Croatia",2010,80.2151885282,"Social support","7_1"
"305","HRV","Croatia",2022,8.1417448341,"Lack of social support","7_1_DEP"
"306","HRV","Croatia",2021,8.1417448341,"Lack of social support","7_1_DEP"
"307","HRV","Croatia",2020,8.1417448341,"Lack of social support","7_1_DEP"
"308","HRV","Croatia",2019,12.4390786873,"Lack of social support","7_1_DEP"
"309","CZE","Czechia",2023,6.4853973459,"Lack of social support","7_1_DEP"
"310","CZE","Czechia",2022,4.6759424516,"Lack of social support","7_1_DEP"
"311","CZE","Czechia",2021,4.6759424516,"Lack of social support","7_1_DEP"
"312","CZE","Czechia",2020,4.6759424516,"Lack of social support","7_1_DEP"
"313","CZE","Czechia",2018,8.4022661214,"Lack of social support","7_1_DEP"
"314","CZE","Czechia",2017,8.4022661214,"Lack of social support","7_1_DEP"
"315","CZE","Czechia",2016,9.1348514001,"Lack of social support","7_1_DEP"
"316","CZE","Czechia",2015,9.1348514001,"Lack of social support","7_1_DEP"
"317","CZE","Czechia",2014,9.1348514001,"Lack of social support","7_1_DEP"
"318","CZE","Czechia",2013,9.2800889733,"Lack of social support","7_1_DEP"
"319","CZE","Czechia",2012,9.2800889733,"Lack of social support","7_1_DEP"
"320","CZE","Czechia",2011,9.2800889733,"Lack of social support","7_1_DEP"
"321","CZE","Czechia",2010,6.4251498988,"Lack of social support","7_1_DEP"
"322","CZE","Czechia",2023,92.9841915738,"Social support","7_1"
"323","CZE","Czechia",2022,94.1591853132,"Social support","7_1"
"324","CZE","Czechia",2021,94.1591853132,"Social support","7_1"
"325","CZE","Czechia",2020,94.1591853132,"Social support","7_1"
"326","CZE","Czechia",2018,90.4900549683,"Social support","7_1"
"327","CZE","Czechia",2017,90.4900549683,"Social support","7_1"
"328","CZE","Czechia",2016,88.957207954,"Social support","7_1"
"329","CZE","Czechia",2015,88.957207954,"Social support","7_1"
"330","CZE","Czechia",2014,88.957207954,"Social support","7_1"
"331","CZE","Czechia",2013,88.0513918879,"Social support","7_1"
"332","CZE","Czechia",2012,88.0513918879,"Social support","7_1"
"333","CZE","Czechia",2011,88.0513918879,"Social support","7_1"
"334","CZE","Czechia",2010,90.2991712142,"Social support","7_1"
"335","DNK","Denmark",2023,93.7617803114,"Social support","7_1"
"336","DNK","Denmark",2022,95.3014878173,"Social support","7_1"
"337","DNK","Denmark",2021,95.3014878173,"Social support","7_1"
"338","DNK","Denmark",2020,95.3014878173,"Social support","7_1"
"339","DNK","Denmark",2019,95.5102297619,"Social support","7_1"
"340","DNK","Denmark",2018,95.5102297619,"Social support","7_1"
"341","DNK","Denmark",2017,95.5102297619,"Social support","7_1"
"342","DNK","Denmark",2016,95.2793345626,"Social support","7_1"
"343","DNK","Denmark",2015,95.2793345626,"Social support","7_1"
"344","DNK","Denmark",2014,95.2793345626,"Social support","7_1"
"345","DNK","Denmark",2013,95.382531024,"Social support","7_1"
"346","DNK","Denmark",2012,95.382531024,"Social support","7_1"
"347","DNK","Denmark",2011,95.382531024,"Social support","7_1"
"348","DNK","Denmark",2010,95.2001700882,"Social support","7_1"
"349","DNK","Denmark",2023,6.0955702881,"Lack of social support","7_1_DEP"
"350","DNK","Denmark",2019,4.3950458761,"Lack of social support","7_1_DEP"
"351","DNK","Denmark",2018,4.3950458761,"Lack of social support","7_1_DEP"
"352","DNK","Denmark",2017,4.3950458761,"Lack of social support","7_1_DEP"
"353","DNK","Denmark",2016,4.2987722321,"Lack of social support","7_1_DEP"
"354","DNK","Denmark",2015,4.2987722321,"Lack of social support","7_1_DEP"
"355","DNK","Denmark",2014,4.2987722321,"Lack of social support","7_1_DEP"
"356","DNK","Denmark",2013,4.0468583458,"Lack of social support","7_1_DEP"
"357","DNK","Denmark",2012,4.0468583458,"Lack of social support","7_1_DEP"
"358","DNK","Denmark",2011,4.0468583458,"Lack of social support","7_1_DEP"
"359","DNK","Denmark",2010,4.3926407792,"Lack of social support","7_1_DEP"
"360","DNK","Denmark",2022,4.573087646,"Lack of social support","7_1_DEP"
"361","DNK","Denmark",2021,4.573087646,"Lack of social support","7_1_DEP"
"362","DNK","Denmark",2020,4.573087646,"Lack of social support","7_1_DEP"
"363","EST","Estonia",2023,93.3480595985,"Social support","7_1"
"364","EST","Estonia",2022,93.4887706102,"Social support","7_1"
"365","EST","Estonia",2021,93.4887706102,"Social support","7_1"
"366","EST","Estonia",2020,93.4887706102,"Social support","7_1"
"367","EST","Estonia",2019,91.8760315835,"Social support","7_1"
"368","EST","Estonia",2018,91.8760315835,"Social support","7_1"
"369","EST","Estonia",2017,91.8760315835,"Social support","7_1"
"370","EST","Estonia",2016,90.4767209722,"Social support","7_1"
"371","EST","Estonia",2015,90.4767209722,"Social support","7_1"
"372","EST","Estonia",2014,90.4767209722,"Social support","7_1"
"373","EST","Estonia",2013,87.7182627287,"Social support","7_1"
"374","EST","Estonia",2012,87.7182627287,"Social support","7_1"
"375","EST","Estonia",2011,87.7182627287,"Social support","7_1"
"376","EST","Estonia",2023,6.0586954753,"Lack of social support","7_1_DEP"
"377","EST","Estonia",2022,5.3690730863,"Lack of social support","7_1_DEP"
"378","EST","Estonia",2021,5.3690730863,"Lack of social support","7_1_DEP"
"379","EST","Estonia",2020,5.3690730863,"Lack of social support","7_1_DEP"
"380","EST","Estonia",2019,6.4762101682,"Lack of social support","7_1_DEP"
"381","EST","Estonia",2018,6.4762101682,"Lack of social support","7_1_DEP"
"382","EST","Estonia",2017,6.4762101682,"Lack of social support","7_1_DEP"
"383","EST","Estonia",2016,7.4141695831,"Lack of social support","7_1_DEP"
"384","EST","Estonia",2015,7.4141695831,"Lack of social support","7_1_DEP"
"385","EST","Estonia",2014,7.4141695831,"Lack of social support","7_1_DEP"
"386","EST","Estonia",2013,9.7822665832,"Lack of social support","7_1_DEP"
"387","EST","Estonia",2012,9.7822665832,"Lack of social support","7_1_DEP"
"388","EST","Estonia",2011,9.7822665832,"Lack of social support","7_1_DEP"
"389","FIN","Finland",2023,95.4165484539,"Social support","7_1"
"390","FIN","Finland",2022,96.7351259488,"Social support","7_1"
"391","FIN","Finland",2021,96.7351259488,"Social support","7_1"
"392","FIN","Finland",2020,96.7351259488,"Social support","7_1"
"393","FIN","Finland",2019,95.1069675182,"Social support","7_1"
"394","FIN","Finland",2018,95.1069675182,"Social support","7_1"
"395","FIN","Finland",2017,95.1069675182,"Social support","7_1"
"396","FIN","Finland",2016,94.6267995812,"Social support","7_1"
"397","FIN","Finland",2015,94.6267995812,"Social support","7_1"
"398","FIN","Finland",2014,94.6267995812,"Social support","7_1"
"399","FIN","Finland",2013,92.7486076417,"Social support","7_1"
"400","FIN","Finland",2012,92.7486076417,"Social support","7_1"
"401","FIN","Finland",2011,92.7486076417,"Social support","7_1"
"402","FIN","Finland",2010,93.8486890095,"Social support","7_1"
"403","FIN","Finland",2023,4.3259860333,"Lack of social support","7_1_DEP"
"404","FIN","Finland",2022,3.1183577791,"Lack of social support","7_1_DEP"
"405","FIN","Finland",2021,3.1183577791,"Lack of social support","7_1_DEP"
"406","FIN","Finland",2020,3.1183577791,"Lack of social support","7_1_DEP"
"407","FIN","Finland",2019,4.5367156699,"Lack of social support","7_1_DEP"
"408","FIN","Finland",2018,4.5367156699,"Lack of social support","7_1_DEP"
"409","FIN","Finland",2017,4.5367156699,"Lack of social support","7_1_DEP"
"410","FIN","Finland",2016,4.8491129878,"Lack of social support","7_1_DEP"
"411","FIN","Finland",2015,4.8491129878,"Lack of social support","7_1_DEP"
"412","FIN","Finland",2014,4.8491129878,"Lack of social support","7_1_DEP"
"413","FIN","Finland",2013,6.3957954584,"Lack of social support","7_1_DEP"
"414","FIN","Finland",2012,6.3957954584,"Lack of social support","7_1_DEP"
"415","FIN","Finland",2011,6.3957954584,"Lack of social support","7_1_DEP"
"416","FIN","Finland",2010,5.6321560039,"Lack of social support","7_1_DEP"
"417","FRA","France",2022,9.075283963,"Lack of social support","7_1_DEP"
"418","FRA","France",2022,90.77776803,"Social support","7_1"
"419","FRA","France",2021,9.075283963,"Lack of social support","7_1_DEP"
"420","FRA","France",2021,90.77776803,"Social support","7_1"
"421","FRA","France",2020,9.075283963,"Lack of social support","7_1_DEP"
"422","FRA","France",2020,90.77776803,"Social support","7_1"
"423","FRA","France",2023,87.1300047697,"Social support","7_1"
"424","FRA","France",2019,93.1064163906,"Social support","7_1"
"425","FRA","France",2018,93.1064163906,"Social support","7_1"
"426","FRA","France",2017,93.1064163906,"Social support","7_1"
"427","FRA","France",2016,88.3784517666,"Social support","7_1"
"428","FRA","France",2015,88.3784517666,"Social support","7_1"
"429","FRA","France",2014,88.3784517666,"Social support","7_1"
"430","FRA","France",2013,91.985027576,"Social support","7_1"
"431","FRA","France",2012,91.985027576,"Social support","7_1"
"432","FRA","France",2011,91.985027576,"Social support","7_1"
"433","FRA","France",2010,92.7246585146,"Social support","7_1"
"434","FRA","France",2023,12.6867666425,"Lack of social support","7_1_DEP"
"435","FRA","France",2019,6.2519466768,"Lack of social support","7_1_DEP"
"436","FRA","France",2018,6.2519466768,"Lack of social support","7_1_DEP"
"437","FRA","France",2017,6.2519466768,"Lack of social support","7_1_DEP"
"438","FRA","France",2016,11.3651654837,"Lack of social support","7_1_DEP"
"439","FRA","France",2015,11.3651654837,"Lack of social support","7_1_DEP"
"440","FRA","France",2014,11.3651654837,"Lack of social support","7_1_DEP"
"441","FRA","France",2013,7.7798539583,"Lack of social support","7_1_DEP"
"442","FRA","France",2012,7.7798539583,"Lack of social support","7_1_DEP"
"443","FRA","France",2011,7.7798539583,"Lack of social support","7_1_DEP"
"444","FRA","France",2010,6.7464306534,"Lack of social support","7_1_DEP"
"445","DEU","Germany",2022,89.4213436483,"Social support","7_1"
"446","DEU","Germany",2021,89.4213436483,"Social support","7_1"
"447","DEU","Germany",2020,89.4213436483,"Social support","7_1"
"448","DEU","Germany",2019,89.0081126555,"Social support","7_1"
"449","DEU","Germany",2018,89.0081126555,"Social support","7_1"
"450","DEU","Germany",2017,89.0081126555,"Social support","7_1"
"451","DEU","Germany",2016,91.9690294399,"Social support","7_1"
"452","DEU","Germany",2015,91.9690294399,"Social support","7_1"
"453","DEU","Germany",2014,91.9690294399,"Social support","7_1"
"454","DEU","Germany",2013,93.1468322202,"Social support","7_1"
"455","DEU","Germany",2012,93.1468322202,"Social support","7_1"
"456","DEU","Germany",2011,93.1468322202,"Social support","7_1"
"457","DEU","Germany",2010,92.5068984479,"Social support","7_1"
"458","DEU","Germany",2023,10.2420341251,"Lack of social support","7_1_DEP"
"459","DEU","Germany",2022,10.3639320573,"Lack of social support","7_1_DEP"
"460","DEU","Germany",2021,10.3639320573,"Lack of social support","7_1_DEP"
"461","DEU","Germany",2020,10.3639320573,"Lack of social support","7_1_DEP"
"462","DEU","Germany",2016,7.6519005133,"Lack of social support","7_1_DEP"
"463","DEU","Germany",2015,7.6519005133,"Lack of social support","7_1_DEP"
"464","DEU","Germany",2014,7.6519005133,"Lack of social support","7_1_DEP"
"465","DEU","Germany",2013,6.4736885502,"Lack of social support","7_1_DEP"
"466","DEU","Germany",2012,6.4736885502,"Lack of social support","7_1_DEP"
"467","DEU","Germany",2011,6.4736885502,"Lack of social support","7_1_DEP"
"468","DEU","Germany",2010,6.7260550178,"Lack of social support","7_1_DEP"
"469","DEU","Germany",2023,89.71993174,"Social support","7_1"
"470","DEU","Germany",2019,9.980209296,"Lack of social support","7_1_DEP"
"471","DEU","Germany",2018,9.980209296,"Lack of social support","7_1_DEP"
"472","DEU","Germany",2017,9.980209296,"Lack of social support","7_1_DEP"
"473","GRC","Greece",2023,81.1864005228,"Social support","7_1"
"474","GRC","Greece",2022,83.3448182558,"Social support","7_1"
"475","GRC","Greece",2021,83.3448182558,"Social support","7_1"
"476","GRC","Greece",2020,83.3448182558,"Social support","7_1"
"477","GRC","Greece",2019,80.9771264191,"Social support","7_1"
"478","GRC","Greece",2018,80.9771264191,"Social support","7_1"
"479","GRC","Greece",2017,80.9771264191,"Social support","7_1"
"480","GRC","Greece",2016,82.2602538988,"Social support","7_1"
"481","GRC","Greece",2015,82.2602538988,"Social support","7_1"
"482","GRC","Greece",2014,82.2602538988,"Social support","7_1"
"483","GRC","Greece",2013,78.0013698994,"Social support","7_1"
"484","GRC","Greece",2012,78.0013698994,"Social support","7_1"
"485","GRC","Greece",2011,78.0013698994,"Social support","7_1"
"486","GRC","Greece",2010,82.5598357005,"Social support","7_1"
"487","GRC","Greece",2023,18.5525041777,"Lack of social support","7_1_DEP"
"488","GRC","Greece",2022,16.5067234444,"Lack of social support","7_1_DEP"
"489","GRC","Greece",2021,16.5067234444,"Lack of social support","7_1_DEP"
"490","GRC","Greece",2020,16.5067234444,"Lack of social support","7_1_DEP"
"491","GRC","Greece",2019,18.7092226142,"Lack of social support","7_1_DEP"
"492","GRC","Greece",2018,18.7092226142,"Lack of social support","7_1_DEP"
"493","GRC","Greece",2017,18.7092226142,"Lack of social support","7_1_DEP"
"494","GRC","Greece",2016,17.6605854264,"Lack of social support","7_1_DEP"
"495","GRC","Greece",2015,17.6605854264,"Lack of social support","7_1_DEP"
"496","GRC","Greece",2014,17.6605854264,"Lack of social support","7_1_DEP"
"497","GRC","Greece",2013,21.5420579647,"Lack of social support","7_1_DEP"
"498","GRC","Greece",2012,21.5420579647,"Lack of social support","7_1_DEP"
"499","GRC","Greece",2011,21.5420579647,"Lack of social support","7_1_DEP"
"500","GRC","Greece",2010,16.8154628466,"Lack of social support","7_1_DEP"
"501","HUN","Hungary",2023,94.8834002505,"Social support","7_1"
"502","HUN","Hungary",2022,93.9115703893,"Social support","7_1"
"503","HUN","Hungary",2021,93.9115703893,"Social support","7_1"
"504","HUN","Hungary",2020,93.9115703893,"Social support","7_1"
"505","HUN","Hungary",2019,91.5134375342,"Social support","7_1"
"506","HUN","Hungary",2018,91.5134375342,"Social support","7_1"
"507","HUN","Hungary",2017,91.5134375342,"Social support","7_1"
"508","HUN","Hungary",2016,84.2019377351,"Social support","7_1"
"509","HUN","Hungary",2015,84.2019377351,"Social support","7_1"
"510","HUN","Hungary",2014,84.2019377351,"Social support","7_1"
"511","HUN","Hungary",2013,88.7436623394,"Social support","7_1"
"512","HUN","Hungary",2012,88.7436623394,"Social support","7_1"
"513","HUN","Hungary",2011,88.7436623394,"Social support","7_1"
"514","HUN","Hungary",2010,89.1585489002,"Social support","7_1"
"515","HUN","Hungary",2023,4.8155151244,"Lack of social support","7_1_DEP"
"516","HUN","Hungary",2019,7.8077539776,"Lack of social support","7_1_DEP"
"517","HUN","Hungary",2018,7.8077539776,"Lack of social support","7_1_DEP"
"518","HUN","Hungary",2017,7.8077539776,"Lack of social support","7_1_DEP"
"519","HUN","Hungary",2016,12.8044266966,"Lack of social support","7_1_DEP"
"520","HUN","Hungary",2015,12.8044266966,"Lack of social support","7_1_DEP"
"521","HUN","Hungary",2014,12.8044266966,"Lack of social support","7_1_DEP"
"522","HUN","Hungary",2013,10.7027446616,"Lack of social support","7_1_DEP"
"523","HUN","Hungary",2012,10.7027446616,"Lack of social support","7_1_DEP"
"524","HUN","Hungary",2011,10.7027446616,"Lack of social support","7_1_DEP"
"525","HUN","Hungary",2010,10.0948484975,"Lack of social support","7_1_DEP"
"526","HUN","Hungary",2022,5.699142502,"Lack of social support","7_1_DEP"
"527","HUN","Hungary",2021,5.699142502,"Lack of social support","7_1_DEP"
"528","HUN","Hungary",2020,5.699142502,"Lack of social support","7_1_DEP"
"529","ISL","Iceland",2023,98.0802557473,"Social support","7_1"
"530","ISL","Iceland",2022,97.9361329882,"Social support","7_1"
"531","ISL","Iceland",2021,97.9361329882,"Social support","7_1"
"532","ISL","Iceland",2020,97.9361329882,"Social support","7_1"
"533","ISL","Iceland",2019,97.0228081729,"Social support","7_1"
"534","ISL","Iceland",2017,97.0228081729,"Social support","7_1"
"535","ISL","Iceland",2016,98.2611621065,"Social support","7_1"
"536","ISL","Iceland",2015,98.2611621065,"Social support","7_1"
"537","ISL","Iceland",2013,96.6441917674,"Social support","7_1"
"538","ISL","Iceland",2012,96.6441917674,"Social support","7_1"
"539","ISL","Iceland",2023,1.6695483109,"Lack of social support","7_1_DEP"
"540","ISL","Iceland",2022,1.7292196171,"Lack of social support","7_1_DEP"
"541","ISL","Iceland",2021,1.7292196171,"Lack of social support","7_1_DEP"
"542","ISL","Iceland",2020,1.7292196171,"Lack of social support","7_1_DEP"
"543","ISL","Iceland",2019,2.5636133078,"Lack of social support","7_1_DEP"
"544","ISL","Iceland",2017,2.5636133078,"Lack of social support","7_1_DEP"
"545","ISL","Iceland",2016,1.7388378935,"Lack of social support","7_1_DEP"
"546","ISL","Iceland",2015,1.7388378935,"Lack of social support","7_1_DEP"
"547","ISL","Iceland",2013,2.6741812303,"Lack of social support","7_1_DEP"
"548","ISL","Iceland",2012,2.6741812303,"Lack of social support","7_1_DEP"
"549","IDN","Indonesia",2014,16.3607383057,"Lack of social support","7_1_DEP"
"550","IDN","Indonesia",2013,18.1537177196,"Lack of social support","7_1_DEP"
"551","IDN","Indonesia",2012,18.1537177196,"Lack of social support","7_1_DEP"
"552","IDN","Indonesia",2011,18.1537177196,"Lack of social support","7_1_DEP"
"553","IDN","Indonesia",2010,24.202096986,"Lack of social support","7_1_DEP"
"554","IDN","Indonesia",2023,79.6497801717,"Social support","7_1"
"555","IDN","Indonesia",2022,79.8919508364,"Social support","7_1"
"556","IDN","Indonesia",2021,79.8919508364,"Social support","7_1"
"557","IDN","Indonesia",2020,79.8919508364,"Social support","7_1"
"558","IDN","Indonesia",2019,79.8591640404,"Social support","7_1"
"559","IDN","Indonesia",2018,79.8591640404,"Social support","7_1"
"560","IDN","Indonesia",2017,79.8591640404,"Social support","7_1"
"561","IDN","Indonesia",2016,82.8662094707,"Social support","7_1"
"562","IDN","Indonesia",2015,82.8662094707,"Social support","7_1"
"563","IDN","Indonesia",2014,82.8662094707,"Social support","7_1"
"564","IDN","Indonesia",2013,81.2757822527,"Social support","7_1"
"565","IDN","Indonesia",2012,81.2757822527,"Social support","7_1"
"566","IDN","Indonesia",2011,81.2757822527,"Social support","7_1"
"567","IDN","Indonesia",2010,75.3496721993,"Social support","7_1"
"568","IDN","Indonesia",2023,20.2675257836,"Lack of social support","7_1_DEP"
"569","IDN","Indonesia",2022,19.9004742786,"Lack of social support","7_1_DEP"
"570","IDN","Indonesia",2021,19.9004742786,"Lack of social support","7_1_DEP"
"571","IDN","Indonesia",2020,19.9004742786,"Lack of social support","7_1_DEP"
"572","IDN","Indonesia",2019,19.6798385215,"Lack of social support","7_1_DEP"
"573","IDN","Indonesia",2018,19.6798385215,"Lack of social support","7_1_DEP"
"574","IDN","Indonesia",2017,19.6798385215,"Lack of social support","7_1_DEP"
"575","IDN","Indonesia",2016,16.3607383057,"Lack of social support","7_1_DEP"
"576","IDN","Indonesia",2015,16.3607383057,"Lack of social support","7_1_DEP"
"577","IRL","Ireland",2011,96.2824858586,"Social support","7_1"
"578","IRL","Ireland",2010,97.0962283029,"Social support","7_1"
"579","IRL","Ireland",2023,7.9124814556,"Lack of social support","7_1_DEP"
"580","IRL","Ireland",2019,5.8204003787,"Lack of social support","7_1_DEP"
"581","IRL","Ireland",2018,5.8204003787,"Lack of social support","7_1_DEP"
"582","IRL","Ireland",2017,5.8204003787,"Lack of social support","7_1_DEP"
"583","IRL","Ireland",2016,4.0313767745,"Lack of social support","7_1_DEP"
"584","IRL","Ireland",2015,4.0313767745,"Lack of social support","7_1_DEP"
"585","IRL","Ireland",2014,4.0313767745,"Lack of social support","7_1_DEP"
"586","IRL","Ireland",2010,2.8622731754,"Lack of social support","7_1_DEP"
"587","IRL","Ireland",2023,92.0628915,"Social support","7_1"
"588","IRL","Ireland",2022,9.453012117,"Lack of social support","7_1_DEP"
"589","IRL","Ireland",2021,9.453012117,"Lack of social support","7_1_DEP"
"590","IRL","Ireland",2020,9.453012117,"Lack of social support","7_1_DEP"
"591","IRL","Ireland",2013,3.516043699,"Lack of social support","7_1_DEP"
"592","IRL","Ireland",2012,3.516043699,"Lack of social support","7_1_DEP"
"593","IRL","Ireland",2011,3.516043699,"Lack of social support","7_1_DEP"
"594","IRL","Ireland",2022,90.506765089,"Social support","7_1"
"595","IRL","Ireland",2021,90.506765089,"Social support","7_1"
"596","IRL","Ireland",2020,90.506765089,"Social support","7_1"
"597","IRL","Ireland",2019,93.9984541606,"Social support","7_1"
"598","IRL","Ireland",2018,93.9984541606,"Social support","7_1"
"599","IRL","Ireland",2017,93.9984541606,"Social support","7_1"
"600","IRL","Ireland",2016,95.7491851696,"Social support","7_1"
"601","IRL","Ireland",2015,95.7491851696,"Social support","7_1"
"602","IRL","Ireland",2014,95.7491851696,"Social support","7_1"
"603","IRL","Ireland",2013,96.2824858586,"Social support","7_1"
"604","IRL","Ireland",2012,96.2824858586,"Social support","7_1"
"605","ISR","Israel",2023,92.8676022961,"Social support","7_1"
"606","ISR","Israel",2022,93.3354662083,"Social support","7_1"
"607","ISR","Israel",2021,93.3354662083,"Social support","7_1"
"608","ISR","Israel",2020,93.3354662083,"Social support","7_1"
"609","ISR","Israel",2019,91.1989675537,"Social support","7_1"
"610","ISR","Israel",2018,91.1989675537,"Social support","7_1"
"611","ISR","Israel",2017,91.1989675537,"Social support","7_1"
"612","ISR","Israel",2016,86.5544570827,"Social support","7_1"
"613","ISR","Israel",2015,86.5544570827,"Social support","7_1"
"614","ISR","Israel",2014,86.5544570827,"Social support","7_1"
"615","ISR","Israel",2013,89.5113687872,"Social support","7_1"
"616","ISR","Israel",2012,89.5113687872,"Social support","7_1"
"617","ISR","Israel",2011,89.5113687872,"Social support","7_1"
"618","ISR","Israel",2010,88.0698377467,"Social support","7_1"
"619","ISR","Israel",2023,5.4603920138,"Lack of social support","7_1_DEP"
"620","ISR","Israel",2022,5.6285775237,"Lack of social support","7_1_DEP"
"621","ISR","Israel",2021,5.6285775237,"Lack of social support","7_1_DEP"
"622","ISR","Israel",2020,5.6285775237,"Lack of social support","7_1_DEP"
"623","ISR","Israel",2019,7.4903628087,"Lack of social support","7_1_DEP"
"624","ISR","Israel",2018,7.4903628087,"Lack of social support","7_1_DEP"
"625","ISR","Israel",2017,7.4903628087,"Lack of social support","7_1_DEP"
"626","ISR","Israel",2016,11.705374721,"Lack of social support","7_1_DEP"
"627","ISR","Israel",2015,11.705374721,"Lack of social support","7_1_DEP"
"628","ISR","Israel",2014,11.705374721,"Lack of social support","7_1_DEP"
"629","ISR","Israel",2013,9.7757831397,"Lack of social support","7_1_DEP"
"630","ISR","Israel",2012,9.7757831397,"Lack of social support","7_1_DEP"
"631","ISR","Israel",2011,9.7757831397,"Lack of social support","7_1_DEP"
"632","ISR","Israel",2010,10.5933621945,"Lack of social support","7_1_DEP"
"633","ITA","Italy",2013,9.9438190383,"Lack of social support","7_1_DEP"
"634","ITA","Italy",2012,9.9438190383,"Lack of social support","7_1_DEP"
"635","ITA","Italy",2011,9.9438190383,"Lack of social support","7_1_DEP"
"636","ITA","Italy",2010,12.0631425439,"Lack of social support","7_1_DEP"
"637","ITA","Italy",2023,85.9452943752,"Social support","7_1"
"638","ITA","Italy",2022,88.1114865579,"Social support","7_1"
"639","ITA","Italy",2021,88.1114865579,"Social support","7_1"
"640","ITA","Italy",2020,88.1114865579,"Social support","7_1"
"641","ITA","Italy",2019,88.5239301508,"Social support","7_1"
"642","ITA","Italy",2018,88.5239301508,"Social support","7_1"
"643","ITA","Italy",2017,88.5239301508,"Social support","7_1"
"644","ITA","Italy",2016,90.8181022992,"Social support","7_1"
"645","ITA","Italy",2015,90.8181022992,"Social support","7_1"
"646","ITA","Italy",2014,90.8181022992,"Social support","7_1"
"647","ITA","Italy",2013,89.2446433188,"Social support","7_1"
"648","ITA","Italy",2012,89.2446433188,"Social support","7_1"
"649","ITA","Italy",2011,89.2446433188,"Social support","7_1"
"650","ITA","Italy",2010,86.3715472108,"Social support","7_1"
"651","ITA","Italy",2023,13.3037643806,"Lack of social support","7_1_DEP"
"652","ITA","Italy",2022,11.8369417678,"Lack of social support","7_1_DEP"
"653","ITA","Italy",2021,11.8369417678,"Lack of social support","7_1_DEP"
"654","ITA","Italy",2020,11.8369417678,"Lack of social support","7_1_DEP"
"655","ITA","Italy",2019,10.9019811085,"Lack of social support","7_1_DEP"
"656","ITA","Italy",2018,10.9019811085,"Lack of social support","7_1_DEP"
"657","ITA","Italy",2017,10.9019811085,"Lack of social support","7_1_DEP"
"658","ITA","Italy",2016,8.8352788984,"Lack of social support","7_1_DEP"
"659","ITA","Italy",2015,8.8352788984,"Lack of social support","7_1_DEP"
"660","ITA","Italy",2014,8.8352788984,"Lack of social support","7_1_DEP"
"661","JPN","Japan",2023,85.9042592629,"Social support","7_1"
"662","JPN","Japan",2022,89.0437500949,"Social support","7_1"
"663","JPN","Japan",2021,89.0437500949,"Social support","7_1"
"664","JPN","Japan",2020,89.0437500949,"Social support","7_1"
"665","JPN","Japan",2019,87.6699310489,"Social support","7_1"
"666","JPN","Japan",2018,87.6699310489,"Social support","7_1"
"667","JPN","Japan",2017,87.6699310489,"Social support","7_1"
"668","JPN","Japan",2016,89.6587216049,"Social support","7_1"
"669","JPN","Japan",2015,89.6587216049,"Social support","7_1"
"670","JPN","Japan",2014,89.6587216049,"Social support","7_1"
"671","JPN","Japan",2013,90.8085738508,"Social support","7_1"
"672","JPN","Japan",2012,90.8085738508,"Social support","7_1"
"673","JPN","Japan",2011,90.8085738508,"Social support","7_1"
"674","JPN","Japan",2010,88.7948377336,"Social support","7_1"
"675","JPN","Japan",2023,13.5557915393,"Lack of social support","7_1_DEP"
"676","JPN","Japan",2022,10.5724635299,"Lack of social support","7_1_DEP"
"677","JPN","Japan",2021,10.5724635299,"Lack of social support","7_1_DEP"
"678","JPN","Japan",2020,10.5724635299,"Lack of social support","7_1_DEP"
"679","JPN","Japan",2019,11.7283716149,"Lack of social support","7_1_DEP"
"680","JPN","Japan",2018,11.7283716149,"Lack of social support","7_1_DEP"
"681","JPN","Japan",2017,11.7283716149,"Lack of social support","7_1_DEP"
"682","JPN","Japan",2016,9.1413403415,"Lack of social support","7_1_DEP"
"683","JPN","Japan",2015,9.1413403415,"Lack of social support","7_1_DEP"
"684","JPN","Japan",2014,9.1413403415,"Lack of social support","7_1_DEP"
"685","JPN","Japan",2013,8.4135261207,"Lack of social support","7_1_DEP"
"686","JPN","Japan",2012,8.4135261207,"Lack of social support","7_1_DEP"
"687","JPN","Japan",2011,8.4135261207,"Lack of social support","7_1_DEP"
"688","JPN","Japan",2010,10.6922217434,"Lack of social support","7_1_DEP"
"689","KOR","Korea",2023,79.0464040614,"Social support","7_1"
"690","KOR","Korea",2022,80.2707556331,"Social support","7_1"
"691","KOR","Korea",2021,80.2707556331,"Social support","7_1"
"692","KOR","Korea",2020,80.2707556331,"Social support","7_1"
"693","KOR","Korea",2019,78.8015648727,"Social support","7_1"
"694","KOR","Korea",2018,78.8015648727,"Social support","7_1"
"695","KOR","Korea",2017,78.8015648727,"Social support","7_1"
"696","KOR","Korea",2016,75.9354736044,"Social support","7_1"
"697","KOR","Korea",2015,75.9354736044,"Social support","7_1"
"698","KOR","Korea",2014,75.9354736044,"Social support","7_1"
"699","KOR","Korea",2013,78.1775241036,"Social support","7_1"
"700","KOR","Korea",2012,78.1775241036,"Social support","7_1"
"701","KOR","Korea",2011,78.1775241036,"Social support","7_1"
"702","KOR","Korea",2010,77.7654604368,"Social support","7_1"
"703","KOR","Korea",2023,20.6366417971,"Lack of social support","7_1_DEP"
"704","KOR","Korea",2022,18.8806292003,"Lack of social support","7_1_DEP"
"705","KOR","Korea",2021,18.8806292003,"Lack of social support","7_1_DEP"
"706","KOR","Korea",2020,18.8806292003,"Lack of social support","7_1_DEP"
"707","KOR","Korea",2019,20.2067444015,"Lack of social support","7_1_DEP"
"708","KOR","Korea",2018,20.2067444015,"Lack of social support","7_1_DEP"
"709","KOR","Korea",2017,20.2067444015,"Lack of social support","7_1_DEP"
"710","KOR","Korea",2016,22.3722049886,"Lack of social support","7_1_DEP"
"711","KOR","Korea",2015,22.3722049886,"Lack of social support","7_1_DEP"
"712","KOR","Korea",2014,22.3722049886,"Lack of social support","7_1_DEP"
"713","KOR","Korea",2013,20.3240223661,"Lack of social support","7_1_DEP"
"714","KOR","Korea",2012,20.3240223661,"Lack of social support","7_1_DEP"
"715","KOR","Korea",2011,20.3240223661,"Lack of social support","7_1_DEP"
"716","KOR","Korea",2010,20.2646904773,"Lack of social support","7_1_DEP"
"717","LVA","Latvia",2011,81.2806697292,"Social support","7_1"
"718","LVA","Latvia",2023,6.0498157686,"Lack of social support","7_1_DEP"
"719","LVA","Latvia",2022,6.2746366315,"Lack of social support","7_1_DEP"
"720","LVA","Latvia",2021,6.2746366315,"Lack of social support","7_1_DEP"
"721","LVA","Latvia",2020,6.2746366315,"Lack of social support","7_1_DEP"
"722","LVA","Latvia",2019,8.2120636057,"Lack of social support","7_1_DEP"
"723","LVA","Latvia",2018,8.2120636057,"Lack of social support","7_1_DEP"
"724","LVA","Latvia",2017,8.2120636057,"Lack of social support","7_1_DEP"
"725","LVA","Latvia",2016,10.3242463018,"Lack of social support","7_1_DEP"
"726","LVA","Latvia",2015,10.3242463018,"Lack of social support","7_1_DEP"
"727","LVA","Latvia",2014,10.3242463018,"Lack of social support","7_1_DEP"
"728","LVA","Latvia",2013,15.4302951458,"Lack of social support","7_1_DEP"
"729","LVA","Latvia",2012,15.4302951458,"Lack of social support","7_1_DEP"
"730","LVA","Latvia",2011,15.4302951458,"Lack of social support","7_1_DEP"
"731","LVA","Latvia",2012,81.2806697292,"Social support","7_1"
"732","LVA","Latvia",2023,91.9698688846,"Social support","7_1"
"733","LVA","Latvia",2022,92.9118950524,"Social support","7_1"
"734","LVA","Latvia",2021,92.9118950524,"Social support","7_1"
"735","LVA","Latvia",2020,92.9118950524,"Social support","7_1"
"736","LVA","Latvia",2019,88.054046084,"Social support","7_1"
"737","LVA","Latvia",2018,88.054046084,"Social support","7_1"
"738","LVA","Latvia",2017,88.054046084,"Social support","7_1"
"739","LVA","Latvia",2016,85.848933225,"Social support","7_1"
"740","LVA","Latvia",2015,85.848933225,"Social support","7_1"
"741","LVA","Latvia",2014,85.848933225,"Social support","7_1"
"742","LVA","Latvia",2013,81.2806697292,"Social support","7_1"
"743","LTU","Lithuania",2023,87.988591373,"Social support","7_1"
"744","LTU","Lithuania",2022,85.6874553675,"Social support","7_1"
"745","LTU","Lithuania",2021,85.6874553675,"Social support","7_1"
"746","LTU","Lithuania",2020,85.6874553675,"Social support","7_1"
"747","LTU","Lithuania",2019,87.7508842128,"Social support","7_1"
"748","LTU","Lithuania",2018,87.7508842128,"Social support","7_1"
"749","LTU","Lithuania",2017,87.7508842128,"Social support","7_1"
"750","LTU","Lithuania",2016,85.1337843953,"Social support","7_1"
"751","LTU","Lithuania",2015,85.1337843953,"Social support","7_1"
"752","LTU","Lithuania",2014,85.1337843953,"Social support","7_1"
"753","LTU","Lithuania",2013,83.9769008678,"Social support","7_1"
"754","LTU","Lithuania",2012,83.9769008678,"Social support","7_1"
"755","LTU","Lithuania",2011,83.9769008678,"Social support","7_1"
"756","LTU","Lithuania",2010,81.5170947156,"Social support","7_1"
"757","LTU","Lithuania",2023,7.1866608325,"Lack of social support","7_1_DEP"
"758","LTU","Lithuania",2022,5.5337148491,"Lack of social support","7_1_DEP"
"759","LTU","Lithuania",2021,5.5337148491,"Lack of social support","7_1_DEP"
"760","LTU","Lithuania",2020,5.5337148491,"Lack of social support","7_1_DEP"
"761","LTU","Lithuania",2016,6.9025669499,"Lack of social support","7_1_DEP"
"762","LTU","Lithuania",2015,6.9025669499,"Lack of social support","7_1_DEP"
"763","LTU","Lithuania",2014,6.9025669499,"Lack of social support","7_1_DEP"
"764","LTU","Lithuania",2013,7.8778177977,"Lack of social support","7_1_DEP"
"765","LTU","Lithuania",2012,7.8778177977,"Lack of social support","7_1_DEP"
"766","LTU","Lithuania",2011,7.8778177977,"Lack of social support","7_1_DEP"
"767","LTU","Lithuania",2010,8.1223930491,"Lack of social support","7_1_DEP"
"768","LTU","Lithuania",2019,7.177429774,"Lack of social support","7_1_DEP"
"769","LTU","Lithuania",2018,7.177429774,"Lack of social support","7_1_DEP"
"770","LTU","Lithuania",2017,7.177429774,"Lack of social support","7_1_DEP"
"771","LUX","Luxembourg",2018,90.0916002532,"Social support","7_1"
"772","LUX","Luxembourg",2017,90.0916002532,"Social support","7_1"
"773","LUX","Luxembourg",2016,91.632275889,"Social support","7_1"
"774","LUX","Luxembourg",2015,91.632275889,"Social support","7_1"
"775","LUX","Luxembourg",2014,91.632275889,"Social support","7_1"
"776","LUX","Luxembourg",2013,90.6529759285,"Social support","7_1"
"777","LUX","Luxembourg",2012,90.6529759285,"Social support","7_1"
"778","LUX","Luxembourg",2011,90.6529759285,"Social support","7_1"
"779","LUX","Luxembourg",2010,94.2758165977,"Social support","7_1"
"780","LUX","Luxembourg",2023,12.0565112699,"Lack of social support","7_1_DEP"
"781","LUX","Luxembourg",2022,12.1743412061,"Lack of social support","7_1_DEP"
"782","LUX","Luxembourg",2019,9.2823653208,"Lack of social support","7_1_DEP"
"783","LUX","Luxembourg",2018,9.2823653208,"Lack of social support","7_1_DEP"
"784","LUX","Luxembourg",2017,9.2823653208,"Lack of social support","7_1_DEP"
"785","LUX","Luxembourg",2016,8.3157018397,"Lack of social support","7_1_DEP"
"786","LUX","Luxembourg",2015,8.3157018397,"Lack of social support","7_1_DEP"
"787","LUX","Luxembourg",2014,8.3157018397,"Lack of social support","7_1_DEP"
"788","LUX","Luxembourg",2013,7.7084104299,"Lack of social support","7_1_DEP"
"789","LUX","Luxembourg",2012,7.7084104299,"Lack of social support","7_1_DEP"
"790","LUX","Luxembourg",2011,7.7084104299,"Lack of social support","7_1_DEP"
"791","LUX","Luxembourg",2010,5.4378638414,"Lack of social support","7_1_DEP"
"792","LUX","Luxembourg",2023,87.7451684737,"Social support","7_1"
"793","LUX","Luxembourg",2022,87.5474810312,"Social support","7_1"
"794","LUX","Luxembourg",2019,90.0916002532,"Social support","7_1"
"795","MEX","Mexico",2023,85.652847825,"Social support","7_1"
"796","MEX","Mexico",2022,79.7800923281,"Social support","7_1"
"797","MEX","Mexico",2021,79.7800923281,"Social support","7_1"
"798","MEX","Mexico",2020,79.7800923281,"Social support","7_1"
"799","MEX","Mexico",2019,83.3557207193,"Social support","7_1"
"800","MEX","Mexico",2018,83.3557207193,"Social support","7_1"
"801","MEX","Mexico",2017,83.3557207193,"Social support","7_1"
"802","MEX","Mexico",2016,80.0744137604,"Social support","7_1"
"803","MEX","Mexico",2015,80.0744137604,"Social support","7_1"
"804","MEX","Mexico",2014,80.0744137604,"Social support","7_1"
"805","MEX","Mexico",2013,76.2913565445,"Social support","7_1"
"806","MEX","Mexico",2012,76.2913565445,"Social support","7_1"
"807","MEX","Mexico",2011,76.2913565445,"Social support","7_1"
"808","MEX","Mexico",2010,86.8046695714,"Social support","7_1"
"809","MEX","Mexico",2023,14.0449133468,"Lack of social support","7_1_DEP"
"810","MEX","Mexico",2022,19.2850339848,"Lack of social support","7_1_DEP"
"811","MEX","Mexico",2021,19.2850339848,"Lack of social support","7_1_DEP"
"812","MEX","Mexico",2020,19.2850339848,"Lack of social support","7_1_DEP"
"813","MEX","Mexico",2019,16.2916064159,"Lack of social support","7_1_DEP"
"814","MEX","Mexico",2018,16.2916064159,"Lack of social support","7_1_DEP"
"815","MEX","Mexico",2017,16.2916064159,"Lack of social support","7_1_DEP"
"816","MEX","Mexico",2016,18.5303457743,"Lack of social support","7_1_DEP"
"817","MEX","Mexico",2015,18.5303457743,"Lack of social support","7_1_DEP"
"818","MEX","Mexico",2014,18.5303457743,"Lack of social support","7_1_DEP"
"819","MEX","Mexico",2013,21.0918682281,"Lack of social support","7_1_DEP"
"820","MEX","Mexico",2012,21.0918682281,"Lack of social support","7_1_DEP"
"821","MEX","Mexico",2011,21.0918682281,"Lack of social support","7_1_DEP"
"822","MEX","Mexico",2010,12.5527331429,"Lack of social support","7_1_DEP"
"823","NLD","Netherlands",2016,9.499650235,"Lack of social support","7_1_DEP"
"824","NLD","Netherlands",2015,9.499650235,"Lack of social support","7_1_DEP"
"825","NLD","Netherlands",2014,9.499650235,"Lack of social support","7_1_DEP"
"826","NLD","Netherlands",2023,90.9823160781,"Social support","7_1"
"827","NLD","Netherlands",2022,92.8621148364,"Social support","7_1"
"828","NLD","Netherlands",2021,92.8621148364,"Social support","7_1"
"829","NLD","Netherlands",2020,92.8621148364,"Social support","7_1"
"830","NLD","Netherlands",2019,93.6986763377,"Social support","7_1"
"831","NLD","Netherlands",2018,93.6986763377,"Social support","7_1"
"832","NLD","Netherlands",2017,93.6986763377,"Social support","7_1"
"833","NLD","Netherlands",2016,90.068791606,"Social support","7_1"
"834","NLD","Netherlands",2015,90.068791606,"Social support","7_1"
"835","NLD","Netherlands",2014,90.068791606,"Social support","7_1"
"836","NLD","Netherlands",2013,92.979458392,"Social support","7_1"
"837","NLD","Netherlands",2012,92.979458392,"Social support","7_1"
"838","NLD","Netherlands",2011,92.979458392,"Social support","7_1"
"839","NLD","Netherlands",2010,94.3153205423,"Social support","7_1"
"840","NLD","Netherlands",2023,8.5219821964,"Lack of social support","7_1_DEP"
"841","NLD","Netherlands",2022,6.9327644361,"Lack of social support","7_1_DEP"
"842","NLD","Netherlands",2021,6.9327644361,"Lack of social support","7_1_DEP"
"843","NLD","Netherlands",2020,6.9327644361,"Lack of social support","7_1_DEP"
"844","NLD","Netherlands",2019,6.0719664995,"Lack of social support","7_1_DEP"
"845","NLD","Netherlands",2018,6.0719664995,"Lack of social support","7_1_DEP"
"846","NLD","Netherlands",2017,6.0719664995,"Lack of social support","7_1_DEP"
"847","NLD","Netherlands",2013,6.5693869335,"Lack of social support","7_1_DEP"
"848","NLD","Netherlands",2012,6.5693869335,"Lack of social support","7_1_DEP"
"849","NLD","Netherlands",2011,6.5693869335,"Lack of social support","7_1_DEP"
"850","NLD","Netherlands",2010,4.9261625196,"Lack of social support","7_1_DEP"
"851","NZL","New Zealand",2023,92.4603485316,"Social support","7_1"
"852","NZL","New Zealand",2022,95.2381826177,"Social support","7_1"
"853","NZL","New Zealand",2021,95.2381826177,"Social support","7_1"
"854","NZL","New Zealand",2020,95.2381826177,"Social support","7_1"
"855","NZL","New Zealand",2019,94.5086496191,"Social support","7_1"
"856","NZL","New Zealand",2018,94.5086496191,"Social support","7_1"
"857","NZL","New Zealand",2017,94.5086496191,"Social support","7_1"
"858","NZL","New Zealand",2016,95.3961400923,"Social support","7_1"
"859","NZL","New Zealand",2015,95.3961400923,"Social support","7_1"
"860","NZL","New Zealand",2014,95.3961400923,"Social support","7_1"
"861","NZL","New Zealand",2013,94.4596816058,"Social support","7_1"
"862","NZL","New Zealand",2012,94.4596816058,"Social support","7_1"
"863","NZL","New Zealand",2011,94.4596816058,"Social support","7_1"
"864","NZL","New Zealand",2010,95.6195232847,"Social support","7_1"
"865","NZL","New Zealand",2023,7.3563004206,"Lack of social support","7_1_DEP"
"866","NZL","New Zealand",2022,4.7524707283,"Lack of social support","7_1_DEP"
"867","NZL","New Zealand",2021,4.7524707283,"Lack of social support","7_1_DEP"
"868","NZL","New Zealand",2020,4.7524707283,"Lack of social support","7_1_DEP"
"869","NZL","New Zealand",2019,5.0587266162,"Lack of social support","7_1_DEP"
"870","NZL","New Zealand",2018,5.0587266162,"Lack of social support","7_1_DEP"
"871","NZL","New Zealand",2017,5.0587266162,"Lack of social support","7_1_DEP"
"872","NZL","New Zealand",2016,4.4492498698,"Lack of social support","7_1_DEP"
"873","NZL","New Zealand",2015,4.4492498698,"Lack of social support","7_1_DEP"
"874","NZL","New Zealand",2014,4.4492498698,"Lack of social support","7_1_DEP"
"875","NZL","New Zealand",2013,5.2551860647,"Lack of social support","7_1_DEP"
"876","NZL","New Zealand",2012,5.2551860647,"Lack of social support","7_1_DEP"
"877","NZL","New Zealand",2011,5.2551860647,"Lack of social support","7_1_DEP"
"878","NZL","New Zealand",2010,3.9902632356,"Lack of social support","7_1_DEP"
"879","NOR","Norway",2019,94.8537053938,"Social support","7_1"
"880","NOR","Norway",2018,94.8537053938,"Social support","7_1"
"881","NOR","Norway",2017,94.8537053938,"Social support","7_1"
"882","NOR","Norway",2016,94.1192049359,"Social support","7_1"
"883","NOR","Norway",2015,94.1192049359,"Social support","7_1"
"884","NOR","Norway",2014,94.1192049359,"Social support","7_1"
"885","NOR","Norway",2012,92.8064346557,"Social support","7_1"
"886","NOR","Norway",2023,6.0066283174,"Lack of social support","7_1_DEP"
"887","NOR","Norway",2022,5.6419620235,"Lack of social support","7_1_DEP"
"888","NOR","Norway",2021,5.6419620235,"Lack of social support","7_1_DEP"
"889","NOR","Norway",2020,5.6419620235,"Lack of social support","7_1_DEP"
"890","NOR","Norway",2019,4.7145147812,"Lack of social support","7_1_DEP"
"891","NOR","Norway",2018,4.7145147812,"Lack of social support","7_1_DEP"
"892","NOR","Norway",2017,4.7145147812,"Lack of social support","7_1_DEP"
"893","NOR","Norway",2016,5.0317786312,"Lack of social support","7_1_DEP"
"894","NOR","Norway",2015,5.0317786312,"Lack of social support","7_1_DEP"
"895","NOR","Norway",2014,5.0317786312,"Lack of social support","7_1_DEP"
"896","NOR","Norway",2012,5.1260389048,"Lack of social support","7_1_DEP"
"897","NOR","Norway",2023,93.9694495133,"Social support","7_1"
"898","NOR","Norway",2022,94.1929827814,"Social support","7_1"
"899","NOR","Norway",2021,94.1929827814,"Social support","7_1"
"900","NOR","Norway",2020,94.1929827814,"Social support","7_1"
"901","PER","Peru",2023,79.1359486564,"Social support","7_1"
"902","PER","Peru",2022,78.8462702331,"Social support","7_1"
"903","PER","Peru",2021,78.8462702331,"Social support","7_1"
"904","PER","Peru",2020,78.8462702331,"Social support","7_1"
"905","PER","Peru",2019,82.5321290925,"Social support","7_1"
"906","PER","Peru",2018,82.5321290925,"Social support","7_1"
"907","PER","Peru",2017,82.5321290925,"Social support","7_1"
"908","PER","Peru",2016,80.1038797753,"Social support","7_1"
"909","PER","Peru",2015,80.1038797753,"Social support","7_1"
"910","PER","Peru",2014,80.1038797753,"Social support","7_1"
"911","PER","Peru",2013,76.3680194448,"Social support","7_1"
"912","PER","Peru",2012,76.3680194448,"Social support","7_1"
"913","PER","Peru",2011,76.3680194448,"Social support","7_1"
"914","PER","Peru",2010,78.6623329049,"Social support","7_1"
"915","PER","Peru",2023,20.2346626488,"Lack of social support","7_1_DEP"
"916","PER","Peru",2022,20.0968415475,"Lack of social support","7_1_DEP"
"917","PER","Peru",2021,20.0968415475,"Lack of social support","7_1_DEP"
"918","PER","Peru",2020,20.0968415475,"Lack of social support","7_1_DEP"
"919","PER","Peru",2019,17.1252070497,"Lack of social support","7_1_DEP"
"920","PER","Peru",2018,17.1252070497,"Lack of social support","7_1_DEP"
"921","PER","Peru",2017,17.1252070497,"Lack of social support","7_1_DEP"
"922","PER","Peru",2016,19.1860659694,"Lack of social support","7_1_DEP"
"923","PER","Peru",2015,19.1860659694,"Lack of social support","7_1_DEP"
"924","PER","Peru",2014,19.1860659694,"Lack of social support","7_1_DEP"
"925","PER","Peru",2013,22.5040795608,"Lack of social support","7_1_DEP"
"926","PER","Peru",2012,22.5040795608,"Lack of social support","7_1_DEP"
"927","PER","Peru",2011,22.5040795608,"Lack of social support","7_1_DEP"
"928","PER","Peru",2010,20.170821667,"Lack of social support","7_1_DEP"
"929","POL","Poland",2023,88.0135482391,"Social support","7_1"
"930","POL","Poland",2022,90.6514684843,"Social support","7_1"
"931","POL","Poland",2021,90.6514684843,"Social support","7_1"
"932","POL","Poland",2020,90.6514684843,"Social support","7_1"
"933","POL","Poland",2019,83.9307498522,"Social support","7_1"
"934","POL","Poland",2018,83.9307498522,"Social support","7_1"
"935","POL","Poland",2017,83.9307498522,"Social support","7_1"
"936","POL","Poland",2016,88.7031447145,"Social support","7_1"
"937","POL","Poland",2015,88.7031447145,"Social support","7_1"
"938","POL","Poland",2014,88.7031447145,"Social support","7_1"
"939","POL","Poland",2013,89.4263930278,"Social support","7_1"
"940","POL","Poland",2012,89.4263930278,"Social support","7_1"
"941","POL","Poland",2011,89.4263930278,"Social support","7_1"
"942","POL","Poland",2010,91.5959880314,"Social support","7_1"
"943","POL","Poland",2023,10.0555653208,"Lack of social support","7_1_DEP"
"944","POL","Poland",2022,7.3068561015,"Lack of social support","7_1_DEP"
"945","POL","Poland",2021,7.3068561015,"Lack of social support","7_1_DEP"
"946","POL","Poland",2020,7.3068561015,"Lack of social support","7_1_DEP"
"947","POL","Poland",2019,12.0499765509,"Lack of social support","7_1_DEP"
"948","POL","Poland",2018,12.0499765509,"Lack of social support","7_1_DEP"
"949","POL","Poland",2017,12.0499765509,"Lack of social support","7_1_DEP"
"950","POL","Poland",2016,8.6159532936,"Lack of social support","7_1_DEP"
"951","POL","Poland",2015,8.6159532936,"Lack of social support","7_1_DEP"
"952","POL","Poland",2014,8.6159532936,"Lack of social support","7_1_DEP"
"953","POL","Poland",2013,8.0429512215,"Lack of social support","7_1_DEP"
"954","POL","Poland",2012,8.0429512215,"Lack of social support","7_1_DEP"
"955","POL","Poland",2011,8.0429512215,"Lack of social support","7_1_DEP"
"956","POL","Poland",2010,5.6039885391,"Lack of social support","7_1_DEP"
"957","PRT","Portugal",2023,88.2337907429,"Social support","7_1"
"958","PRT","Portugal",2022,87.2113910813,"Social support","7_1"
"959","PRT","Portugal",2021,87.2113910813,"Social support","7_1"
"960","PRT","Portugal",2020,87.2113910813,"Social support","7_1"
"961","PRT","Portugal",2019,88.3470438073,"Social support","7_1"
"962","PRT","Portugal",2018,88.3470438073,"Social support","7_1"
"963","PRT","Portugal",2017,88.3470438073,"Social support","7_1"
"964","PRT","Portugal",2016,86.5324113268,"Social support","7_1"
"965","PRT","Portugal",2015,86.5324113268,"Social support","7_1"
"966","PRT","Portugal",2014,86.5324113268,"Social support","7_1"
"967","PRT","Portugal",2013,84.5661174983,"Social support","7_1"
"968","PRT","Portugal",2012,84.5661174983,"Social support","7_1"
"969","PRT","Portugal",2011,84.5661174983,"Social support","7_1"
"970","PRT","Portugal",2010,85.4622780213,"Social support","7_1"
"971","PRT","Portugal",2023,11.1358854499,"Lack of social support","7_1_DEP"
"972","PRT","Portugal",2022,12.1793596109,"Lack of social support","7_1_DEP"
"973","PRT","Portugal",2021,12.1793596109,"Lack of social support","7_1_DEP"
"974","PRT","Portugal",2020,12.1793596109,"Lack of social support","7_1_DEP"
"975","PRT","Portugal",2019,11.1745997119,"Lack of social support","7_1_DEP"
"976","PRT","Portugal",2018,11.1745997119,"Lack of social support","7_1_DEP"
"977","PRT","Portugal",2017,11.1745997119,"Lack of social support","7_1_DEP"
"978","PRT","Portugal",2016,12.079980822,"Lack of social support","7_1_DEP"
"979","PRT","Portugal",2015,12.079980822,"Lack of social support","7_1_DEP"
"980","PRT","Portugal",2014,12.079980822,"Lack of social support","7_1_DEP"
"981","PRT","Portugal",2013,13.4166839158,"Lack of social support","7_1_DEP"
"982","PRT","Portugal",2012,13.4166839158,"Lack of social support","7_1_DEP"
"983","PRT","Portugal",2011,13.4166839158,"Lack of social support","7_1_DEP"
"984","PRT","Portugal",2010,12.6274224301,"Lack of social support","7_1_DEP"
"985","ROU","Romania",2023,80.7845234596,"Social support","7_1"
"986","ROU","Romania",2022,83.512942715,"Social support","7_1"
"987","ROU","Romania",2021,83.512942715,"Social support","7_1"
"988","ROU","Romania",2020,83.512942715,"Social support","7_1"
"989","ROU","Romania",2019,81.4992707409,"Social support","7_1"
"990","ROU","Romania",2018,81.4992707409,"Social support","7_1"
"991","ROU","Romania",2017,81.4992707409,"Social support","7_1"
"992","ROU","Romania",2016,77.1925937576,"Social support","7_1"
"993","ROU","Romania",2015,77.1925937576,"Social support","7_1"
"994","ROU","Romania",2014,77.1925937576,"Social support","7_1"
"995","ROU","Romania",2013,73.4558061734,"Social support","7_1"
"996","ROU","Romania",2012,73.4558061734,"Social support","7_1"
"997","ROU","Romania",2011,73.4558061734,"Social support","7_1"
"998","ROU","Romania",2010,72.5612832884,"Social support","7_1"
"999","ROU","Romania",2023,18.4904666112,"Lack of social support","7_1_DEP"
"1000","ROU","Romania",2022,15.3559837941,"Lack of social support","7_1_DEP"
"1001","ROU","Romania",2021,15.3559837941,"Lack of social support","7_1_DEP"
"1002","ROU","Romania",2020,15.3559837941,"Lack of social support","7_1_DEP"
"1003","ROU","Romania",2019,17.4422735597,"Lack of social support","7_1_DEP"
"1004","ROU","Romania",2018,17.4422735597,"Lack of social support","7_1_DEP"
"1005","ROU","Romania",2017,17.4422735597,"Lack of social support","7_1_DEP"
"1006","ROU","Romania",2016,21.3905726734,"Lack of social support","7_1_DEP"
"1007","ROU","Romania",2015,21.3905726734,"Lack of social support","7_1_DEP"
"1008","ROU","Romania",2014,21.3905726734,"Lack of social support","7_1_DEP"
"1009","ROU","Romania",2013,23.6021763749,"Lack of social support","7_1_DEP"
"1010","ROU","Romania",2012,23.6021763749,"Lack of social support","7_1_DEP"
"1011","ROU","Romania",2011,23.6021763749,"Lack of social support","7_1_DEP"
"1012","ROU","Romania",2010,24.0773201706,"Lack of social support","7_1_DEP"
"1013","SVK","Slovak Republic",2021,94.8975907718,"Social support","7_1"
"1014","SVK","Slovak Republic",2020,94.8975907718,"Social support","7_1"
"1015","SVK","Slovak Republic",2019,89.9163150938,"Social support","7_1"
"1016","SVK","Slovak Republic",2018,89.9163150938,"Social support","7_1"
"1017","SVK","Slovak Republic",2017,89.9163150938,"Social support","7_1"
"1018","SVK","Slovak Republic",2016,91.479696928,"Social support","7_1"
"1019","SVK","Slovak Republic",2015,91.479696928,"Social support","7_1"
"1020","SVK","Slovak Republic",2014,91.479696928,"Social support","7_1"
"1021","SVK","Slovak Republic",2013,88.9289947911,"Social support","7_1"
"1022","SVK","Slovak Republic",2012,88.9289947911,"Social support","7_1"
"1023","SVK","Slovak Republic",2011,88.9289947911,"Social support","7_1"
"1024","SVK","Slovak Republic",2023,4.7764747038,"Lack of social support","7_1_DEP"
"1025","SVK","Slovak Republic",2022,4.4141947337,"Lack of social support","7_1_DEP"
"1026","SVK","Slovak Republic",2021,4.4141947337,"Lack of social support","7_1_DEP"
"1027","SVK","Slovak Republic",2020,4.4141947337,"Lack of social support","7_1_DEP"
"1028","SVK","Slovak Republic",2019,7.4995230488,"Lack of social support","7_1_DEP"
"1029","SVK","Slovak Republic",2018,7.4995230488,"Lack of social support","7_1_DEP"
"1030","SVK","Slovak Republic",2017,7.4995230488,"Lack of social support","7_1_DEP"
"1031","SVK","Slovak Republic",2013,8.0020118854,"Lack of social support","7_1_DEP"
"1032","SVK","Slovak Republic",2012,8.0020118854,"Lack of social support","7_1_DEP"
"1033","SVK","Slovak Republic",2011,8.0020118854,"Lack of social support","7_1_DEP"
"1034","SVK","Slovak Republic",2010,7.8292973607,"Lack of social support","7_1_DEP"
"1035","SVK","Slovak Republic",2016,6.086175566,"Lack of social support","7_1_DEP"
"1036","SVK","Slovak Republic",2015,6.086175566,"Lack of social support","7_1_DEP"
"1037","SVK","Slovak Republic",2014,6.086175566,"Lack of social support","7_1_DEP"
"1038","SVK","Slovak Republic",2010,89.59853135,"Social support","7_1"
"1039","SVK","Slovak Republic",2023,93.5706009141,"Social support","7_1"
"1040","SVK","Slovak Republic",2022,94.8975907718,"Social support","7_1"
"1041","SVN","Slovenia",2023,93.4415068753,"Social support","7_1"
"1042","SVN","Slovenia",2022,94.7545209559,"Social support","7_1"
"1043","SVN","Slovenia",2021,94.7545209559,"Social support","7_1"
"1044","SVN","Slovenia",2020,94.7545209559,"Social support","7_1"
"1045","SVN","Slovenia",2019,93.632946031,"Social support","7_1"
"1046","SVN","Slovenia",2018,93.632946031,"Social support","7_1"
"1047","SVN","Slovenia",2017,93.632946031,"Social support","7_1"
"1048","SVN","Slovenia",2016,90.5177601254,"Social support","7_1"
"1049","SVN","Slovenia",2015,90.5177601254,"Social support","7_1"
"1050","SVN","Slovenia",2014,90.5177601254,"Social support","7_1"
"1051","SVN","Slovenia",2013,92.1647438201,"Social support","7_1"
"1052","SVN","Slovenia",2012,92.1647438201,"Social support","7_1"
"1053","SVN","Slovenia",2011,92.1647438201,"Social support","7_1"
"1054","SVN","Slovenia",2010,90.7636915622,"Social support","7_1"
"1055","SVN","Slovenia",2023,6.3941831827,"Lack of social support","7_1_DEP"
"1056","SVN","Slovenia",2022,4.9709540279,"Lack of social support","7_1_DEP"
"1057","SVN","Slovenia",2021,4.9709540279,"Lack of social support","7_1_DEP"
"1058","SVN","Slovenia",2020,4.9709540279,"Lack of social support","7_1_DEP"
"1059","SVN","Slovenia",2019,6.0288488493,"Lack of social support","7_1_DEP"
"1060","SVN","Slovenia",2018,6.0288488493,"Lack of social support","7_1_DEP"
"1061","SVN","Slovenia",2017,6.0288488493,"Lack of social support","7_1_DEP"
"1062","SVN","Slovenia",2016,8.4388698583,"Lack of social support","7_1_DEP"
"1063","SVN","Slovenia",2015,8.4388698583,"Lack of social support","7_1_DEP"
"1064","SVN","Slovenia",2014,8.4388698583,"Lack of social support","7_1_DEP"
"1065","SVN","Slovenia",2013,7.0082731277,"Lack of social support","7_1_DEP"
"1066","SVN","Slovenia",2012,7.0082731277,"Lack of social support","7_1_DEP"
"1067","SVN","Slovenia",2011,7.0082731277,"Lack of social support","7_1_DEP"
"1068","SVN","Slovenia",2010,8.1128159158,"Lack of social support","7_1_DEP"
"1069","ZAF","South Africa",2023,81.6777544272,"Social support","7_1"
"1070","ZAF","South Africa",2022,89.707059554,"Social support","7_1"
"1071","ZAF","South Africa",2021,89.707059554,"Social support","7_1"
"1072","ZAF","South Africa",2020,89.707059554,"Social support","7_1"
"1073","ZAF","South Africa",2019,85.1477017473,"Social support","7_1"
"1074","ZAF","South Africa",2018,85.1477017473,"Social support","7_1"
"1075","ZAF","South Africa",2017,85.1477017473,"Social support","7_1"
"1076","ZAF","South Africa",2016,88.2521535509,"Social support","7_1"
"1077","ZAF","South Africa",2015,88.2521535509,"Social support","7_1"
"1078","ZAF","South Africa",2014,88.2521535509,"Social support","7_1"
"1079","ZAF","South Africa",2013,86.7077237368,"Social support","7_1"
"1080","ZAF","South Africa",2012,86.7077237368,"Social support","7_1"
"1081","ZAF","South Africa",2011,86.7077237368,"Social support","7_1"
"1082","ZAF","South Africa",2010,86.5907131266,"Social support","7_1"
"1083","ZAF","South Africa",2023,17.8177891857,"Lack of social support","7_1_DEP"
"1084","ZAF","South Africa",2022,9.9693168185,"Lack of social support","7_1_DEP"
"1085","ZAF","South Africa",2021,9.9693168185,"Lack of social support","7_1_DEP"
"1086","ZAF","South Africa",2020,9.9693168185,"Lack of social support","7_1_DEP"
"1087","ZAF","South Africa",2019,14.657695974,"Lack of social support","7_1_DEP"
"1088","ZAF","South Africa",2018,14.657695974,"Lack of social support","7_1_DEP"
"1089","ZAF","South Africa",2017,14.657695974,"Lack of social support","7_1_DEP"
"1090","ZAF","South Africa",2016,11.4815084743,"Lack of social support","7_1_DEP"
"1091","ZAF","South Africa",2015,11.4815084743,"Lack of social support","7_1_DEP"
"1092","ZAF","South Africa",2014,11.4815084743,"Lack of social support","7_1_DEP"
"1093","ZAF","South Africa",2013,13.1990719107,"Lack of social support","7_1_DEP"
"1094","ZAF","South Africa",2012,13.1990719107,"Lack of social support","7_1_DEP"
"1095","ZAF","South Africa",2011,13.1990719107,"Lack of social support","7_1_DEP"
"1096","ZAF","South Africa",2010,13.1567658989,"Lack of social support","7_1_DEP"
"1097","ESP","Spain",2018,7.8844220971,"Lack of social support","7_1_DEP"
"1098","ESP","Spain",2017,7.8844220971,"Lack of social support","7_1_DEP"
"1099","ESP","Spain",2016,5.1265282466,"Lack of social support","7_1_DEP"
"1100","ESP","Spain",2015,5.1265282466,"Lack of social support","7_1_DEP"
"1101","ESP","Spain",2014,5.1265282466,"Lack of social support","7_1_DEP"
"1102","ESP","Spain",2013,6.2906863262,"Lack of social support","7_1_DEP"
"1103","ESP","Spain",2012,6.2906863262,"Lack of social support","7_1_DEP"
"1104","ESP","Spain",2011,6.2906863262,"Lack of social support","7_1_DEP"
"1105","ESP","Spain",2010,5.6853359477,"Lack of social support","7_1_DEP"
"1106","ESP","Spain",2023,92.1724430822,"Social support","7_1"
"1107","ESP","Spain",2022,93.1459859007,"Social support","7_1"
"1108","ESP","Spain",2021,93.1459859007,"Social support","7_1"
"1109","ESP","Spain",2020,93.1459859007,"Social support","7_1"
"1110","ESP","Spain",2019,91.6868047278,"Social support","7_1"
"1111","ESP","Spain",2018,91.6868047278,"Social support","7_1"
"1112","ESP","Spain",2017,91.6868047278,"Social support","7_1"
"1113","ESP","Spain",2016,94.7827313344,"Social support","7_1"
"1114","ESP","Spain",2015,94.7827313344,"Social support","7_1"
"1115","ESP","Spain",2014,94.7827313344,"Social support","7_1"
"1116","ESP","Spain",2013,93.1177734682,"Social support","7_1"
"1117","ESP","Spain",2012,93.1177734682,"Social support","7_1"
"1118","ESP","Spain",2011,93.1177734682,"Social support","7_1"
"1119","ESP","Spain",2010,93.2760440053,"Social support","7_1"
"1120","ESP","Spain",2023,7.7666497002,"Lack of social support","7_1_DEP"
"1121","ESP","Spain",2022,6.8226476994,"Lack of social support","7_1_DEP"
"1122","ESP","Spain",2021,6.8226476994,"Lack of social support","7_1_DEP"
"1123","ESP","Spain",2020,6.8226476994,"Lack of social support","7_1_DEP"
"1124","ESP","Spain",2019,7.8844220971,"Lack of social support","7_1_DEP"
"1125","SWE","Sweden",2023,92.1421392541,"Social support","7_1"
"1126","SWE","Sweden",2022,93.8173603759,"Social support","7_1"
"1127","SWE","Sweden",2021,93.8173603759,"Social support","7_1"
"1128","SWE","Sweden",2020,93.8173603759,"Social support","7_1"
"1129","SWE","Sweden",2019,92.2745474807,"Social support","7_1"
"1130","SWE","Sweden",2018,92.2745474807,"Social support","7_1"
"1131","SWE","Sweden",2017,92.2745474807,"Social support","7_1"
"1132","SWE","Sweden",2016,91.8442617845,"Social support","7_1"
"1133","SWE","Sweden",2015,91.8442617845,"Social support","7_1"
"1134","SWE","Sweden",2014,91.8442617845,"Social support","7_1"
"1135","SWE","Sweden",2013,91.1209847234,"Social support","7_1"
"1136","SWE","Sweden",2012,91.1209847234,"Social support","7_1"
"1137","SWE","Sweden",2011,91.1209847234,"Social support","7_1"
"1138","SWE","Sweden",2010,92.0447340512,"Social support","7_1"
"1139","SWE","Sweden",2023,7.8315985224,"Lack of social support","7_1_DEP"
"1140","SWE","Sweden",2022,6.1045604984,"Lack of social support","7_1_DEP"
"1141","SWE","Sweden",2021,6.1045604984,"Lack of social support","7_1_DEP"
"1142","SWE","Sweden",2020,6.1045604984,"Lack of social support","7_1_DEP"
"1143","SWE","Sweden",2019,7.3608545402,"Lack of social support","7_1_DEP"
"1144","SWE","Sweden",2018,7.3608545402,"Lack of social support","7_1_DEP"
"1145","SWE","Sweden",2017,7.3608545402,"Lack of social support","7_1_DEP"
"1146","SWE","Sweden",2016,7.4768053415,"Lack of social support","7_1_DEP"
"1147","SWE","Sweden",2015,7.4768053415,"Lack of social support","7_1_DEP"
"1148","SWE","Sweden",2014,7.4768053415,"Lack of social support","7_1_DEP"
"1149","SWE","Sweden",2013,7.7245961843,"Lack of social support","7_1_DEP"
"1150","SWE","Sweden",2012,7.7245961843,"Lack of social support","7_1_DEP"
"1151","SWE","Sweden",2011,7.7245961843,"Lack of social support","7_1_DEP"
"1152","SWE","Sweden",2010,6.7080615966,"Lack of social support","7_1_DEP"
"1153","CHE","Switzerland",2016,5.831501926,"Lack of social support","7_1_DEP"
"1154","CHE","Switzerland",2015,5.831501926,"Lack of social support","7_1_DEP"
"1155","CHE","Switzerland",2014,5.831501926,"Lack of social support","7_1_DEP"
"1156","CHE","Switzerland",2023,91.2504634678,"Social support","7_1"
"1157","CHE","Switzerland",2022,91.9178578661,"Social support","7_1"
"1158","CHE","Switzerland",2021,91.9178578661,"Social support","7_1"
"1159","CHE","Switzerland",2020,91.9178578661,"Social support","7_1"
"1160","CHE","Switzerland",2019,93.606401065,"Social support","7_1"
"1161","CHE","Switzerland",2018,93.606401065,"Social support","7_1"
"1162","CHE","Switzerland",2017,93.606401065,"Social support","7_1"
"1163","CHE","Switzerland",2016,93.994890079,"Social support","7_1"
"1164","CHE","Switzerland",2015,93.994890079,"Social support","7_1"
"1165","CHE","Switzerland",2014,93.994890079,"Social support","7_1"
"1166","CHE","Switzerland",2012,94.3941854256,"Social support","7_1"
"1167","CHE","Switzerland",2023,8.6662988839,"Lack of social support","7_1_DEP"
"1168","CHE","Switzerland",2022,7.9386646288,"Lack of social support","7_1_DEP"
"1169","CHE","Switzerland",2021,7.9386646288,"Lack of social support","7_1_DEP"
"1170","CHE","Switzerland",2020,7.9386646288,"Lack of social support","7_1_DEP"
"1171","CHE","Switzerland",2019,5.6748743539,"Lack of social support","7_1_DEP"
"1172","CHE","Switzerland",2018,5.6748743539,"Lack of social support","7_1_DEP"
"1173","CHE","Switzerland",2017,5.6748743539,"Lack of social support","7_1_DEP"
"1174","CHE","Switzerland",2012,5.2972138795,"Lack of social support","7_1_DEP"
"1175","THA","Thailand",2023,87.7278218465,"Social support","7_1"
"1176","THA","Thailand",2022,87.023493242,"Social support","7_1"
"1177","THA","Thailand",2021,87.023493242,"Social support","7_1"
"1178","THA","Thailand",2020,87.023493242,"Social support","7_1"
"1179","THA","Thailand",2019,88.0270709591,"Social support","7_1"
"1180","THA","Thailand",2018,88.0270709591,"Social support","7_1"
"1181","THA","Thailand",2017,88.0270709591,"Social support","7_1"
"1182","THA","Thailand",2016,89.9232845732,"Social support","7_1"
"1183","THA","Thailand",2015,89.9232845732,"Social support","7_1"
"1184","THA","Thailand",2014,89.9232845732,"Social support","7_1"
"1185","THA","Thailand",2013,90.2046861265,"Social support","7_1"
"1186","THA","Thailand",2012,90.2046861265,"Social support","7_1"
"1187","THA","Thailand",2011,90.2046861265,"Social support","7_1"
"1188","THA","Thailand",2010,86.7970568118,"Social support","7_1"
"1189","THA","Thailand",2023,12.2504965574,"Lack of social support","7_1_DEP"
"1190","THA","Thailand",2022,12.754903399,"Lack of social support","7_1_DEP"
"1191","THA","Thailand",2021,12.754903399,"Lack of social support","7_1_DEP"
"1192","THA","Thailand",2020,12.754903399,"Lack of social support","7_1_DEP"
"1193","THA","Thailand",2019,11.4984297804,"Lack of social support","7_1_DEP"
"1194","THA","Thailand",2018,11.4984297804,"Lack of social support","7_1_DEP"
"1195","THA","Thailand",2017,11.4984297804,"Lack of social support","7_1_DEP"
"1196","THA","Thailand",2016,9.7259932925,"Lack of social support","7_1_DEP"
"1197","THA","Thailand",2015,9.7259932925,"Lack of social support","7_1_DEP"
"1198","THA","Thailand",2014,9.7259932925,"Lack of social support","7_1_DEP"
"1199","THA","Thailand",2013,9.4035910832,"Lack of social support","7_1_DEP"
"1200","THA","Thailand",2012,9.4035910832,"Lack of social support","7_1_DEP"
"1201","THA","Thailand",2011,9.4035910832,"Lack of social support","7_1_DEP"
"1202","THA","Thailand",2010,12.4825417383,"Lack of social support","7_1_DEP"
"1203","TUR","Trkiye",2023,83.1781097249,"Social support","7_1"
"1204","TUR","Trkiye",2022,80.3521333275,"Social support","7_1"
"1205","TUR","Trkiye",2021,80.3521333275,"Social support","7_1"
"1206","TUR","Trkiye",2020,80.3521333275,"Social support","7_1"
"1207","TUR","Trkiye",2019,82.9640708716,"Social support","7_1"
"1208","TUR","Trkiye",2018,82.9640708716,"Social support","7_1"
"1209","TUR","Trkiye",2017,82.9640708716,"Social support","7_1"
"1210","TUR","Trkiye",2016,85.6384075972,"Social support","7_1"
"1211","TUR","Trkiye",2015,85.6384075972,"Social support","7_1"
"1212","TUR","Trkiye",2014,85.6384075972,"Social support","7_1"
"1213","TUR","Trkiye",2013,73.4126505667,"Social support","7_1"
"1214","TUR","Trkiye",2012,73.4126505667,"Social support","7_1"
"1215","TUR","Trkiye",2011,73.4126505667,"Social support","7_1"
"1216","TUR","Trkiye",2010,72.6932139893,"Social support","7_1"
"1217","TUR","Trkiye",2023,16.0154444856,"Lack of social support","7_1_DEP"
"1218","TUR","Trkiye",2022,19.1636708004,"Lack of social support","7_1_DEP"
"1219","TUR","Trkiye",2021,19.1636708004,"Lack of social support","7_1_DEP"
"1220","TUR","Trkiye",2020,19.1636708004,"Lack of social support","7_1_DEP"
"1221","TUR","Trkiye",2019,16.0041174375,"Lack of social support","7_1_DEP"
"1222","TUR","Trkiye",2018,16.0041174375,"Lack of social support","7_1_DEP"
"1223","TUR","Trkiye",2017,16.0041174375,"Lack of social support","7_1_DEP"
"1224","TUR","Trkiye",2016,13.3799352201,"Lack of social support","7_1_DEP"
"1225","TUR","Trkiye",2015,13.3799352201,"Lack of social support","7_1_DEP"
"1226","TUR","Trkiye",2014,13.3799352201,"Lack of social support","7_1_DEP"
"1227","TUR","Trkiye",2013,25.5086565898,"Lack of social support","7_1_DEP"
"1228","TUR","Trkiye",2012,25.5086565898,"Lack of social support","7_1_DEP"
"1229","TUR","Trkiye",2011,25.5086565898,"Lack of social support","7_1_DEP"
"1230","TUR","Trkiye",2010,26.6795046722,"Lack of social support","7_1_DEP"
"1231","GBR","United Kingdom",2023,88.7610470659,"Social support","7_1"
"1232","GBR","United Kingdom",2022,88.0726183365,"Social support","7_1"
"1233","GBR","United Kingdom",2021,88.0726183365,"Social support","7_1"
"1234","GBR","United Kingdom",2020,88.0726183365,"Social support","7_1"
"1235","GBR","United Kingdom",2019,93.1860380662,"Social support","7_1"
"1236","GBR","United Kingdom",2018,93.1860380662,"Social support","7_1"
"1237","GBR","United Kingdom",2017,93.1860380662,"Social support","7_1"
"1238","GBR","United Kingdom",2016,93.2232276365,"Social support","7_1"
"1239","GBR","United Kingdom",2015,93.2232276365,"Social support","7_1"
"1240","GBR","United Kingdom",2014,93.2232276365,"Social support","7_1"
"1241","GBR","United Kingdom",2013,93.8450381876,"Social support","7_1"
"1242","GBR","United Kingdom",2012,93.8450381876,"Social support","7_1"
"1243","GBR","United Kingdom",2011,93.8450381876,"Social support","7_1"
"1244","GBR","United Kingdom",2010,95.5124777428,"Social support","7_1"
"1245","GBR","United Kingdom",2023,11.1453928343,"Lack of social support","7_1_DEP"
"1246","GBR","United Kingdom",2022,11.759789052,"Lack of social support","7_1_DEP"
"1247","GBR","United Kingdom",2021,11.759789052,"Lack of social support","7_1_DEP"
"1248","GBR","United Kingdom",2020,11.759789052,"Lack of social support","7_1_DEP"
"1249","GBR","United Kingdom",2019,6.3492404099,"Lack of social support","7_1_DEP"
"1250","GBR","United Kingdom",2018,6.3492404099,"Lack of social support","7_1_DEP"
"1251","GBR","United Kingdom",2017,6.3492404099,"Lack of social support","7_1_DEP"
"1252","GBR","United Kingdom",2016,6.6487059872,"Lack of social support","7_1_DEP"
"1253","GBR","United Kingdom",2015,6.6487059872,"Lack of social support","7_1_DEP"
"1254","GBR","United Kingdom",2014,6.6487059872,"Lack of social support","7_1_DEP"
"1255","GBR","United Kingdom",2013,5.9840116065,"Lack of social support","7_1_DEP"
"1256","GBR","United Kingdom",2012,5.9840116065,"Lack of social support","7_1_DEP"
"1257","GBR","United Kingdom",2011,5.9840116065,"Lack of social support","7_1_DEP"
"1258","GBR","United Kingdom",2010,4.210233062,"Lack of social support","7_1_DEP"
"1259","USA","United States",2023,89.9140420971,"Social support","7_1"
"1260","USA","United States",2022,91.7846531329,"Social support","7_1"
"1261","USA","United States",2021,91.7846531329,"Social support","7_1"
"1262","USA","United States",2020,91.7846531329,"Social support","7_1"
"1263","USA","United States",2019,91.310941678,"Social support","7_1"
"1264","USA","United States",2018,91.310941678,"Social support","7_1"
"1265","USA","United States",2017,91.310941678,"Social support","7_1"
"1266","USA","United States",2016,89.9312029547,"Social support","7_1"
"1267","USA","United States",2015,89.9312029547,"Social support","7_1"
"1268","USA","United States",2014,89.9312029547,"Social support","7_1"
"1269","USA","United States",2013,91.4648322336,"Social support","7_1"
"1270","USA","United States",2012,91.4648322336,"Social support","7_1"
"1271","USA","United States",2011,91.4648322336,"Social support","7_1"
"1272","USA","United States",2010,92.6172276463,"Social support","7_1"
"1273","USA","United States",2023,10.0221761884,"Lack of social support","7_1_DEP"
"1274","USA","United States",2022,8.0667755081,"Lack of social support","7_1_DEP"
"1275","USA","United States",2021,8.0667755081,"Lack of social support","7_1_DEP"
"1276","USA","United States",2020,8.0667755081,"Lack of social support","7_1_DEP"
"1277","USA","United States",2019,8.6081612036,"Lack of social support","7_1_DEP"
"1278","USA","United States",2018,8.6081612036,"Lack of social support","7_1_DEP"
"1279","USA","United States",2017,8.6081612036,"Lack of social support","7_1_DEP"
"1280","USA","United States",2016,9.9030905418,"Lack of social support","7_1_DEP"
"1281","USA","United States",2015,9.9030905418,"Lack of social support","7_1_DEP"
"1282","USA","United States",2014,9.9030905418,"Lack of social support","7_1_DEP"
"1283","USA","United States",2013,8.3051005285,"Lack of social support","7_1_DEP"
"1284","USA","United States",2012,8.3051005285,"Lack of social support","7_1_DEP"
"1285","USA","United States",2011,8.3051005285,"Lack of social support","7_1_DEP"
"1286","USA","United States",2010,6.9531087427,"Lack of social support","7_1_DEP"
